time,open,high,low,close,tick_volume,spread,real_volume,SMA_20,RSI
2024-05-02 10:00:00,38.45,38.57,38.27,38.37,11373,1,9993900,,
2024-05-02 11:00:00,38.39,38.42,38.14,38.21,7663,1,4949200,,
2024-05-02 12:00:00,38.22,38.35,38.16,38.2,6334,1,2853900,,
2024-05-02 13:00:00,38.2,38.33,38.08,38.3,6943,1,2984300,,
2024-05-02 14:00:00,38.3,38.39,38.26,38.28,6279,1,1917100,,
2024-05-02 15:00:00,38.28,38.42,38.2,38.41,8120,1,3019500,,
2024-05-02 16:00:00,38.41,38.48,38.29,38.39,8997,1,7396500,,
2024-05-03 10:00:00,38.63,38.63,37.6,37.67,16499,1,13053200,,
2024-05-03 11:00:00,37.68,37.77,37.45,37.67,14865,1,8752900,,
2024-05-03 12:00:00,37.66,37.91,37.64,37.8,9838,1,4247000,,
2024-05-03 13:00:00,37.81,38.01,37.79,37.87,6002,1,2381800,,
2024-05-03 14:00:00,37.88,37.97,37.87,37.96,6112,1,2619300,,
2024-05-03 15:00:00,37.96,37.99,37.86,37.93,6007,1,3467900,,
2024-05-03 16:00:00,37.94,37.97,37.7,37.87,8016,1,10481800,,33.766233766233526
2024-05-06 10:00:00,37.85,38.24,37.71,38.15,6162,1,4363500,,43.95604395604392
2024-05-06 11:00:00,38.17,38.32,38.11,38.27,12494,1,3437400,,51.68539325842704
2024-05-06 12:00:00,38.27,38.31,38.13,38.15,7053,1,1939400,,48.677248677248556
2024-05-06 13:00:00,38.15,38.23,37.99,38.06,6970,1,3025800,,43.617021276595864
2024-05-06 14:00:00,38.06,38.12,37.96,38.03,6690,1,2966500,,43.38624338624339
2024-05-06 15:00:00,38.04,38.18,38.04,38.15,5860,1,1805600,38.087,43.085106382978786
2024-05-06 16:00:00,38.15,38.18,38.07,38.13,8434,1,5329200,38.075,43.085106382978786
2024-05-07 10:00:00,38.12,38.34,37.97,38.28,6364,1,4348200,38.0785,73.28244274809154
2024-05-07 11:00:00,38.28,38.5,38.21,38.47,7293,1,4284300,38.092,76.66666666666657
2024-05-07 12:00:00,38.47,38.52,38.34,38.38,6591,1,3282700,38.096,69.86301369863031
2024-05-07 13:00:00,38.38,38.48,38.36,38.44,3238,1,1453700,38.104,69.65517241379317
2024-05-07 14:00:00,38.45,38.57,38.41,38.42,5001,1,2573200,38.1045,66.66666666666683
2024-05-07 15:00:00,38.43,38.57,38.41,38.52,4621,1,1873800,38.111000000000004,70.34482758620717
2024-05-07 16:00:00,38.51,38.59,38.46,38.59,5504,1,5793200,38.157,74.65753424657578
2024-05-08 10:00:00,38.31,38.87,38.27,38.86,9665,1,5150000,38.2165,74.48275862068999
2024-05-08 11:00:00,38.86,38.99,38.74,38.92,13045,1,3843600,38.2725,73.38129496402908
2024-05-08 12:00:00,38.92,39.0,38.87,38.96,6063,1,2426500,38.327000000000005,80.91603053435185
2024-05-08 13:00:00,38.97,38.98,38.84,38.92,3435,1,1358500,38.375,84.12698412698474
2024-05-08 14:00:00,38.92,38.93,38.84,38.87,4318,1,1456700,38.422000000000004,82.81250000000037
2024-05-08 15:00:00,38.88,39.06,38.85,39.05,6935,1,3082200,38.481,83.5820895522392
2024-05-08 16:00:00,39.06,39.24,39.04,39.18,10285,1,7835500,38.5325,86.20689655172433
2024-05-09 10:00:00,38.98,39.35,38.87,39.26,12621,1,8443000,38.582,85.50724637681178
2024-05-09 11:00:00,39.27,39.45,39.2,39.27,8217,1,4210300,38.638,83.33333333333363
2024-05-09 12:00:00,39.27,39.39,39.22,39.23,6317,1,2699100,38.6965,86.95652173913001
2024-05-09 13:00:00,39.26,39.37,39.23,39.33,4814,1,1630500,38.7615,87.39495798319292
2024-05-09 14:00:00,39.32,39.42,39.29,39.41,4790,1,1494400,38.8245,89.59999999999934
2024-05-09 15:00:00,39.42,39.72,39.4,39.58,7203,1,4240100,38.897,90.15151515151453
2024-05-09 16:00:00,39.57,39.58,39.46,39.56,7216,1,4383600,38.961,88.1889763779524
2024-05-10 10:00:00,39.72,39.96,39.62,39.71,10354,1,6516900,39.023,86.95652173913008
2024-05-10 11:00:00,39.7,39.72,39.42,39.52,5239,1,3777400,39.08,73.4374999999999
2024-05-10 12:00:00,39.52,39.64,39.4,39.43,6201,1,3353700,39.1295,67.66917293233061
2024-05-10 13:00:00,39.43,39.68,39.4,39.62,4654,1,1928300,39.189499999999995,73.64864864864833
2024-05-10 14:00:00,39.62,39.64,39.47,39.6,4888,1,2150800,39.2435,75.17241379310353
2024-05-10 15:00:00,39.6,39.64,39.5,39.52,4282,1,1885600,39.29,67.40740740740762
2024-05-10 16:00:00,39.52,39.63,39.44,39.47,6299,1,8282300,39.320499999999996,61.41732283464561
2024-05-13 10:00:00,39.63,39.84,39.61,39.78,4775,1,2703900,39.3635,67.33333333333336
2024-05-13 11:00:00,39.8,39.81,39.63,39.65,4771,1,1531000,39.397999999999996,61.728395061728214
2024-05-13 12:00:00,39.64,39.65,39.46,39.53,5577,1,2677500,39.4285,58.823529411764845
2024-05-13 13:00:00,39.54,39.62,39.43,39.54,5433,1,1777000,39.462,56.52173913043484
2024-05-13 14:00:00,39.54,39.56,39.41,39.49,4417,1,1465600,39.484,52.53164556962044
2024-05-13 15:00:00,39.5,39.61,39.48,39.54,5870,1,2626200,39.501999999999995,48.63013698630139
2024-05-13 16:00:00,39.54,39.58,39.44,39.51,8690,1,5508000,39.5145,48.299319727891
2024-05-14 10:00:00,38.7,38.73,38.13,38.51,30366,1,17513300,39.4765,24.13793103448262
2024-05-14 11:00:00,38.52,39.07,38.47,39.01,13034,1,8285600,39.4655,40.30418250950559
2024-05-14 12:00:00,39.01,39.21,38.83,39.08,8621,1,6093500,39.452999999999996,43.29501915708808
2024-05-14 13:00:00,39.08,39.14,38.92,39.09,5726,1,2235400,39.437,39.09465020576144
2024-05-14 14:00:00,39.09,39.12,38.89,38.9,6886,1,4701900,39.403000000000006,36.53846153846153
2024-05-14 15:00:00,38.89,38.97,38.85,38.89,9217,1,5311900,39.3695,37.54940711462449
2024-05-14 16:00:00,38.89,39.0,38.78,38.8,8147,1,9372900,39.324,36.964980544747085
2024-05-15 10:00:00,35.7,36.45,35.6,36.12,119367,1,54926600,39.153999999999996,12.955465587044529
2024-05-15 11:00:00,36.13,36.62,35.93,36.47,40087,1,20830700,39.006,19.18604651162792
2024-05-15 12:00:00,36.47,36.78,36.31,36.57,11399,1,7413300,38.853500000000004,21.206225680933883
2024-05-15 13:00:00,36.57,36.84,35.85,36.5,33033,1,16332600,38.6985,20.76923076923083
2024-05-15 14:00:00,36.52,36.73,36.37,36.45,14896,1,9982200,38.545,20.76923076923083
2024-05-15 15:00:00,36.44,36.63,36.28,36.56,19249,1,8180600,38.3995,21.673003802281457
2024-05-15 16:00:00,36.55,36.6,36.41,36.46,17992,1,13674500,38.23350000000001,21.38836772983123
2024-05-16 10:00:00,36.36,36.69,36.01,36.1,22020,1,13526400,38.056,24.307036247334864
2024-05-16 11:00:00,36.11,36.14,35.9,35.98,15814,1,10325600,37.878499999999995,14.84918793503492
2024-05-16 12:00:00,36.0,36.05,35.66,35.69,18673,1,11375200,37.686,12.582781456953768
2024-05-16 13:00:00,35.67,35.72,35.35,35.59,30259,1,19209100,37.491,12.121212121212153
2024-05-16 14:00:00,35.59,35.67,35.44,35.52,13648,1,6930300,37.290000000000006,12.4444444444445
2024-05-16 15:00:00,35.53,35.61,35.46,35.55,13216,1,5489100,37.092,13.05309734513267
2024-05-16 16:00:00,35.55,35.6,35.36,35.42,16711,1,15785000,36.9375,12.938596491228026
2024-05-17 10:00:00,35.46,35.53,35.16,35.23,10746,1,8205900,36.7485,28.502415458937108
2024-05-17 11:00:00,35.23,35.24,34.98,35.11,13407,1,8986800,36.55,13.043478260869364
2024-05-17 12:00:00,35.11,35.14,34.85,34.89,11414,1,7895500,36.339999999999996,7.142857142856855
2024-05-17 13:00:00,34.89,35.03,34.66,34.96,17719,1,13445400,36.143,10.71428571428548
2024-05-17 14:00:00,34.96,35.08,34.84,34.88,7971,1,4839300,35.9425,10.552763819095219
2024-05-17 15:00:00,34.89,34.92,34.78,34.79,7476,1,3640600,35.742000000000004,5.076142131979438
2024-05-17 16:00:00,34.79,34.83,34.7,34.83,15635,1,19939200,35.6775,7.3298429319368665
2024-05-20 10:00:00,34.87,35.35,34.78,34.97,17892,1,12143000,35.602500000000006,16.568047337277847
2024-05-20 11:00:00,34.97,35.16,34.95,35.06,8441,1,3608700,35.527,22.289156626506013
2024-05-20 12:00:00,35.05,35.09,34.98,35.03,8146,1,2759200,35.4535,26.428571428571402
2024-05-20 13:00:00,35.03,35.07,34.89,34.96,4826,1,3236900,35.379000000000005,27.007299270072863
2024-05-20 14:00:00,34.98,35.04,34.89,34.94,4941,1,2839500,35.298,28.030303030302832
2024-05-20 15:00:00,34.94,34.99,34.83,34.96,7012,1,3799200,35.223,27.480916030534658
2024-05-20 16:00:00,34.96,35.0,34.87,34.89,6251,1,11773200,35.1625,28.800000000000196
2024-05-21 10:00:00,34.93,35.16,34.72,34.89,9437,1,7109600,35.108,33.96226415094371
2024-05-21 11:00:00,34.89,35.21,34.87,35.0,5738,1,4240100,35.073499999999996,44.761904761904844
2024-05-21 12:00:00,35.0,35.08,34.95,34.96,3705,1,2588500,35.042,54.02298850574709
2024-05-21 13:00:00,34.97,35.05,34.9,35.01,3903,1,3125300,35.01649999999999,52.94117647058804
2024-05-21 14:00:00,35.0,35.03,34.95,35.01,3206,1,1580900,34.9895,58.44155844155804
2024-05-21 15:00:00,35.0,35.02,34.84,34.87,5060,1,2258300,34.962,54.87804878048766
2024-05-21 16:00:00,34.87,34.94,34.78,34.82,6520,1,6931800,34.941500000000005,49.39759036144591
2024-05-22 10:00:00,34.65,34.86,34.57,34.73,8723,1,5518900,34.9225,34.615384615384656
2024-05-22 11:00:00,34.71,34.97,34.68,34.92,5084,1,3836600,34.924,42.0454545454546
2024-05-22 12:00:00,34.91,35.18,34.9,35.07,5372,1,4505200,34.9295,51.99999999999994
2024-05-22 13:00:00,35.08,35.09,34.97,35.0,1912,1,1142000,34.935500000000005,51.99999999999994
2024-05-22 14:00:00,35.01,35.2,35.0,35.13,3903,1,2379400,34.9525,58.55855855855872
2024-05-22 15:00:00,35.13,35.41,35.02,35.3,6105,1,6201200,34.976,63.49206349206337
2024-05-22 16:00:00,35.3,35.56,35.17,35.3,9586,1,12801200,34.99249999999999,67.22689075630242
2024-05-23 10:00:00,35.54,35.8,35.41,35.63,11097,1,8061800,35.021,74.3421052631579
2024-05-23 11:00:00,35.63,35.69,35.41,35.43,7671,1,5746100,35.041000000000004,63.354037267080685
2024-05-23 12:00:00,35.42,35.56,35.27,35.3,7008,1,5693400,35.058,59.99999999999983
2024-05-23 13:00:00,35.31,35.34,35.19,35.28,4267,1,3293000,35.075,58.0838323353294
2024-05-23 14:00:00,35.27,35.33,35.06,35.1,5903,1,7294100,35.082,52.43243243243252
2024-05-23 15:00:00,35.11,35.19,34.98,35.0,11684,1,7430800,35.0875,53.59116022099453
2024-05-23 16:00:00,35.01,35.11,34.72,34.95,13839,1,10151700,35.090500000000006,53.59116022099453
2024-05-24 10:00:00,35.19,35.31,35.0,35.1,7618,1,5487600,35.0955,59.89304812834234
2024-05-24 11:00:00,35.1,35.15,34.93,35.0,7468,1,3055200,35.097500000000004,52.247191011235905
2024-05-24 12:00:00,35.0,35.02,34.82,34.88,4868,1,3490600,35.091,44.57142857142863
2024-05-24 13:00:00,34.86,34.97,34.85,34.89,4788,1,1591800,35.085,46.745562130177525
2024-05-24 14:00:00,34.88,34.92,34.8,34.88,4777,1,1874900,35.0855,42.03821656050952
2024-05-24 15:00:00,34.88,34.88,34.75,34.78,5316,1,2167300,35.0835,32.66666666666681
2024-05-24 16:00:00,34.78,34.88,34.72,34.76,11473,1,5868700,35.084999999999994,32.236842105263236
2024-05-27 10:00:00,34.86,35.12,34.83,35.03,4471,1,4517000,35.0905,29.45205479452052
2024-05-27 11:00:00,35.04,35.12,34.97,35.03,4509,1,1370800,35.0885,34.126984126984155
2024-05-27 12:00:00,35.04,35.15,34.99,35.15,4102,1,1879600,35.096,44.00000000000002
2024-05-27 13:00:00,35.15,35.2,35.09,35.12,3441,1,1292800,35.0955,43.65079365079349
2024-05-27 14:00:00,35.12,35.16,35.1,35.15,2366,1,628200,35.088,52.25225225225213
2024-05-27 15:00:00,35.15,35.19,35.09,35.13,3246,1,1259500,35.0795,56.31067961165064
2024-05-27 16:00:00,35.12,35.19,35.1,35.14,4658,1,2528600,35.055,59.595959595959535
2024-05-28 10:00:00,35.54,35.79,35.52,35.65,15115,1,8550000,35.065999999999995,70.37037037037035
2024-05-28 11:00:00,35.65,36.1,35.6,35.97,21815,1,8245700,35.0995,80.89171974522303
2024-05-28 12:00:00,35.97,36.29,35.91,36.24,15477,1,9108200,35.1475,89.53488372093024
2024-05-28 13:00:00,36.23,36.35,36.02,36.03,9185,1,5281100,35.194,79.68749999999999
2024-05-28 14:00:00,36.03,36.11,35.9,35.94,7693,1,4425500,35.241,76.49999999999979
2024-05-28 15:00:00,35.95,36.02,35.93,35.99,7289,1,3407900,35.293,81.02564102564088
2024-05-28 16:00:00,35.99,36.07,35.89,35.89,8614,1,7194800,35.332499999999996,77.83251231527089
2024-05-29 10:00:00,35.8,35.96,35.54,35.69,9286,1,5449600,35.367,66.83673469387739
2024-05-29 11:00:00,35.69,36.0,35.69,35.99,6720,1,4017700,35.4225,71.23893805309726
2024-05-29 12:00:00,35.99,36.0,35.82,35.84,6201,1,2837000,35.47,65.06550218340612
2024-05-29 13:00:00,35.86,35.87,35.74,35.8,6593,1,2700700,35.516,64.78260869565204
2024-05-29 14:00:00,35.8,35.82,35.66,35.73,5774,1,1825400,35.5635,62.39316239316227
2024-05-29 15:00:00,35.72,35.84,35.67,35.7,10020,1,4177000,35.6105,62.12765957446801
2024-05-29 16:00:00,35.69,35.96,35.69,35.84,10133,1,9178100,35.651,64.1129032258064
2024-05-31 10:00:00,36.01,36.55,35.98,36.31,14978,1,8859800,35.714999999999996,63.5245901639344
2024-05-31 11:00:00,36.31,36.46,36.25,36.31,13428,1,8431800,35.773,58.01886792452831
2024-05-31 12:00:00,36.31,36.49,36.25,36.32,14316,1,6440900,35.833,52.15053763440854
2024-05-31 13:00:00,36.32,36.5,36.32,36.46,7291,1,2453500,35.8985,62.011173184357446
2024-05-31 14:00:00,36.47,36.6,36.46,36.56,10680,1,4187700,35.97,67.22222222222224
2024-05-31 15:00:00,36.55,36.73,36.54,36.65,7871,1,4244100,36.045500000000004,67.93478260869553
2024-05-31 16:00:00,36.65,36.92,36.65,36.83,11532,1,19253200,36.1045,74.47916666666659
2024-06-03 10:00:00,36.86,36.96,36.6,36.72,12085,1,22245400,36.142,78.1420765027323
2024-06-03 11:00:00,36.72,36.8,36.49,36.66,9370,1,5262600,36.163,71.06918238993698
2024-06-03 12:00:00,36.65,36.72,36.58,36.6,5534,1,1972300,36.191500000000005,75.33333333333339
2024-06-03 13:00:00,36.6,36.62,36.51,36.54,4824,1,1991700,36.2215,74.34210526315815
2024-06-03 14:00:00,36.54,36.85,36.49,36.73,6432,1,6048900,36.2585,80.48780487804903
2024-06-03 15:00:00,36.74,36.81,36.7,36.77,3763,1,1285600,36.302499999999995,82.42424242424246
2024-06-03 16:00:00,36.77,36.83,36.63,36.63,4899,1,4485700,36.3495,73.93939393939394
2024-06-04 10:00:00,36.46,36.48,36.02,36.06,11240,1,9549700,36.353,42.857142857142854
2024-06-04 11:00:00,36.05,36.12,35.79,35.94,10144,1,7586500,36.358,40.106951871657664
2024-06-04 12:00:00,35.95,36.08,35.83,36.01,6863,1,4435300,36.3685,41.96891191709841
2024-06-04 13:00:00,36.0,36.19,36.0,36.15,5289,1,2772000,36.389500000000005,41.96891191709841
2024-06-04 14:00:00,36.16,36.18,36.05,36.14,4100,1,2499700,36.411500000000004,38.58695652173911
2024-06-04 15:00:00,36.14,36.22,36.06,36.1,3972,1,1605600,36.4245,34.63687150838001
2024-06-04 16:00:00,36.1,36.23,36.03,36.22,7022,1,5339000,36.42,32.36994219653185
2024-06-05 10:00:00,36.32,36.48,36.18,36.3,7017,1,4334000,36.4195,37.64705882352939
2024-06-05 11:00:00,36.31,36.4,36.14,36.34,5945,1,4375400,36.420500000000004,40.476190476190716
2024-06-05 12:00:00,36.33,36.36,36.22,36.29,3623,1,1671800,36.412,40.71856287425151
2024-06-05 13:00:00,36.28,36.35,36.24,36.31,3359,1,1146700,36.3995,42.94478527607379
2024-06-05 14:00:00,36.32,36.42,36.29,36.36,5510,1,1745700,36.385,37.583892617449884
2024-06-05 15:00:00,36.36,36.41,36.31,36.35,4816,1,1486500,36.361000000000004,35.61643835616441
2024-06-05 16:00:00,36.34,36.36,36.22,36.27,5569,1,3807900,36.338499999999996,37.14285714285721
2024-06-06 10:00:00,36.34,36.65,36.33,36.48,10620,1,4707700,36.3295,70.19230769230745
2024-06-06 11:00:00,36.5,36.6,36.45,36.59,11101,1,5293300,36.329,81.55339805825267
2024-06-06 12:00:00,36.58,36.76,36.54,36.75,14489,1,3724000,36.3395,83.03571428571445
2024-06-06 13:00:00,36.75,36.76,36.53,36.65,6012,1,3618200,36.3355,73.14814814814818
2024-06-06 14:00:00,36.64,36.73,36.55,36.61,5414,1,2488400,36.3275,71.17117117117112
2024-06-06 15:00:00,36.62,36.65,36.53,36.54,4738,1,1815900,36.323,69.29824561403498
2024-06-06 16:00:00,36.55,36.55,36.44,36.44,6660,1,4243800,36.342,59.82142857142848
2024-06-07 10:00:00,36.28,36.52,36.22,36.3,11899,1,5964700,36.36,50.0
2024-06-07 11:00:00,36.29,36.36,36.12,36.22,7948,1,4235100,36.37050000000001,45.08196721311457
2024-06-07 12:00:00,36.22,36.22,35.95,35.98,6331,1,3031900,36.362,39.007092198581454
2024-06-07 13:00:00,35.99,36.08,35.91,35.97,5789,1,2265900,36.3535,37.85714285714266
2024-06-07 14:00:00,35.96,35.97,35.59,35.68,9715,1,6005700,36.332499999999996,29.268292682926756
2024-06-07 15:00:00,35.69,35.71,35.51,35.54,7231,1,5001100,36.298500000000004,27.118644067796495
2024-06-07 16:00:00,35.54,35.57,34.99,35.07,14322,1,19246400,36.237,22.2222222222221
2024-06-10 10:00:00,35.31,35.92,35.24,35.84,12562,1,10293500,36.212,38.2352941176472
2024-06-10 11:00:00,35.84,36.09,35.79,35.97,16267,1,4457400,36.196,38.68613138686121
2024-06-10 12:00:00,35.98,36.02,35.9,36.0,5385,1,2235600,36.1805,35.632183908045974
2024-06-10 13:00:00,36.0,36.07,35.92,36.04,2878,1,1048300,36.1645,38.03921568627451
2024-06-10 14:00:00,36.05,36.13,35.96,36.04,7089,1,2676400,36.149,38.6454183266932
2024-06-10 15:00:00,36.04,36.08,35.78,35.82,6675,1,4815000,36.1265,36.46616541353384
2024-06-10 16:00:00,35.82,35.82,35.6,35.6,6182,1,6958700,36.082499999999996,34.892086330935285
2024-06-11 10:00:00,35.9,36.08,35.69,35.79,10611,1,5572200,36.0425,40.989399293286226
2024-06-11 11:00:00,35.79,35.93,35.7,35.73,7099,1,4816200,35.991499999999995,41.281138790035534
2024-06-11 12:00:00,35.72,35.8,35.67,35.78,3771,1,1564500,35.948,46.183206106870315
2024-06-11 13:00:00,35.77,35.78,35.61,35.64,3861,1,1636000,35.8995,44.00000000000003
2024-06-11 14:00:00,35.64,35.73,35.6,35.68,4040,1,2106400,35.8565,50.0
2024-06-11 15:00:00,35.68,35.81,35.67,35.75,5384,1,1922400,35.821999999999996,54.320987654321
2024-06-11 16:00:00,35.75,35.81,35.71,35.75,7402,1,13254900,35.7945,67.34693877551018
2024-06-12 10:00:00,35.99,36.09,35.24,35.3,16045,1,11752100,35.74849999999999,33.53658536585347
2024-06-12 11:00:00,35.31,35.55,35.21,35.28,11117,1,6194800,35.713499999999996,27.45098039215695
2024-06-12 12:00:00,35.3,35.3,35.17,35.23,8584,1,4362000,35.6765,25.161290322580612
2024-06-12 13:00:00,35.23,35.36,35.18,35.25,9186,1,2690600,35.654999999999994,24.183006535947868
2024-06-12 14:00:00,35.24,35.26,35.0,35.05,23344,1,6755000,35.6305,21.38728323699435
2024-06-12 15:00:00,35.06,35.13,34.68,34.76,23917,1,8526100,35.614999999999995,20.555555555555685
2024-06-12 16:00:00,34.76,35.01,34.73,34.89,18378,1,11704300,35.5675,29.239766081871494
2024-06-13 10:00:00,34.97,35.25,34.61,34.62,10800,1,7024700,35.5,17.318435754190276
2024-06-13 11:00:00,34.62,34.67,34.25,34.26,15675,1,9584600,35.413,14.832535885167786
2024-06-13 12:00:00,34.26,34.4,33.94,34.39,17339,1,9123300,35.3305,17.972350230414975
2024-06-13 13:00:00,34.37,34.66,34.35,34.58,7922,1,4973600,35.2575,26.12612612612621
2024-06-13 14:00:00,34.6,34.79,34.52,34.76,6699,1,3140300,35.2045,30.50847457627127
2024-06-13 15:00:00,34.75,34.88,34.67,34.83,11252,1,4703400,35.166,30.50847457627127
2024-06-13 16:00:00,34.83,34.85,34.54,34.54,10423,1,7531000,35.103500000000004,27.169811320754818
2024-06-14 10:00:00,34.57,34.58,34.06,34.1,8622,1,4871800,35.022000000000006,27.272727272727423
2024-06-14 11:00:00,34.1,34.33,33.97,34.32,7313,1,4634900,34.949,33.09859154929582
2024-06-14 12:00:00,34.33,34.58,34.18,34.28,14193,1,7169300,34.88099999999999,33.21554770318032
2024-06-14 13:00:00,34.28,34.32,34.17,34.23,4790,1,1609800,34.808499999999995,32.167832167832145
2024-06-14 14:00:00,34.23,34.3,33.72,33.9,14017,1,8841200,34.715999999999994,30.769230769230802
2024-06-14 15:00:00,33.89,33.99,33.26,33.56,16559,1,13778300,34.6065,30.263157894736906
2024-06-14 16:00:00,33.57,34.05,33.53,33.78,13324,1,12552600,34.5305,32.26837060702873
2024-06-17 10:00:00,33.52,33.85,33.38,33.61,10907,1,10926800,34.446999999999996,33.33333333333333
2024-06-17 11:00:00,33.6,33.84,33.54,33.77,11176,1,5197300,34.374,41.34275618374567
2024-06-17 12:00:00,33.76,33.93,33.7,33.92,7285,1,2763500,34.307500000000005,41.75438596491228
2024-06-17 13:00:00,33.93,34.08,33.88,34.07,8917,1,5827000,34.2585,40.92526690391461
2024-06-17 14:00:00,34.07,34.22,33.84,33.97,9104,1,5849200,34.219,35.53113553113553
2024-06-17 15:00:00,33.98,34.14,33.94,34.04,5011,1,4400700,34.1765,35.53113553113553
2024-06-17 16:00:00,34.05,34.14,33.9,33.9,6270,1,5868200,34.140499999999996,37.59689922480618
2024-06-18 10:00:00,33.98,34.75,33.91,34.67,14450,1,8692300,34.161,59.79381443298968
2024-06-18 11:00:00,34.69,34.69,34.47,34.56,7120,1,3078200,34.1695,54.28571428571431
2024-06-18 12:00:00,34.57,34.8,34.53,34.65,6756,1,3448300,34.173,56.491228070175396
2024-06-18 13:00:00,34.65,34.75,34.6,34.75,4561,1,2370100,34.1725,58.965517241379374
2024-06-18 14:00:00,34.74,34.93,34.71,34.88,6644,1,4517100,34.175000000000004,68.14814814814821
2024-06-18 15:00:00,34.87,35.2,34.81,34.97,9214,1,6259000,34.1965,78.77551020408153
2024-06-18 16:00:00,34.98,35.03,34.83,34.97,10978,1,7642700,34.239999999999995,76.68161434977569
2024-06-19 10:00:00,34.97,35.18,34.87,34.94,6389,1,3218700,34.271,81.81818181818173
2024-06-19 11:00:00,34.95,35.05,34.8,34.91,5929,1,3909200,34.3025,79.08163265306105
2024-06-19 12:00:00,34.89,34.97,34.72,34.9,4153,1,2081500,34.336,76.92307692307683
2024-06-19 13:00:00,34.9,35.03,34.79,34.97,3253,1,1277900,34.389500000000005,75.86206896551717
2024-06-19 14:00:00,34.97,35.03,34.79,34.87,6054,1,1799400,34.455,75.86206896551717
2024-06-19 15:00:00,34.87,34.91,34.65,34.81,6242,1,3502200,34.5065,72.25433526011574
2024-06-19 16:00:00,34.8,35.04,34.8,35.0,5966,1,4889400,34.576,80.89887640449453
2024-06-20 10:00:00,35.28,35.85,35.26,35.84,12458,1,10508200,34.679500000000004,81.62162162162177
2024-06-20 11:00:00,35.85,35.93,35.64,35.76,11201,1,7192700,34.771499999999996,82.96703296703285
2024-06-20 12:00:00,35.76,35.81,35.6,35.64,6464,1,2208300,34.85,76.75675675675679
2024-06-20 13:00:00,35.63,35.7,35.56,35.67,5688,1,2293300,34.935,75.84269662921352
2024-06-20 14:00:00,35.67,35.7,35.34,35.45,7347,1,5795300,35.0055,65.24064171122998
2024-06-20 15:00:00,35.44,35.73,35.43,35.65,7201,1,3206200,35.093,67.17171717171719
2024-06-20 16:00:00,35.66,35.71,35.49,35.55,8568,1,8119600,35.137,63.942307692307665
2024-06-21 10:00:00,35.6,36.0,35.43,35.8,9769,1,7260800,35.199,68.69565217391306
2024-06-21 11:00:00,35.8,35.84,35.74,35.76,4937,1,3315500,35.25449999999999,68.39826839826847
2024-06-21 12:00:00,35.77,35.84,35.66,35.69,5277,1,3154800,35.3015,66.66666666666666
2024-06-21 13:00:00,35.69,35.79,35.68,35.74,4053,1,2087200,35.3445,66.3829787234043
2024-06-21 14:00:00,35.74,35.78,35.68,35.73,4290,1,1815600,35.3825,69.02654867256632
2024-06-21 15:00:00,35.73,35.8,35.7,35.77,4195,1,9599000,35.4225,71.42857142857129
2024-06-21 16:00:00,35.77,35.83,35.72,35.77,5559,1,17762500,35.464,68.78048780487796
2024-06-24 10:00:00,35.88,35.99,35.76,35.82,6008,1,3745900,35.509499999999996,49.20634920634909
2024-06-24 11:00:00,35.83,35.83,35.53,35.57,6223,1,4282900,35.543,43.35664335664347
2024-06-24 12:00:00,35.57,35.73,35.56,35.71,4454,1,2468800,35.58,52.41379310344826
2024-06-24 13:00:00,35.71,35.83,35.67,35.82,3904,1,1919700,35.6275,54.90196078431366
2024-06-24 14:00:00,35.82,35.88,35.78,35.81,4289,1,1895500,35.6775,63.636363636363534
2024-06-24 15:00:00,35.81,35.85,35.76,35.83,3132,1,990600,35.719,57.8947368421052
2024-06-24 16:00:00,35.82,36.1,35.82,36.1,6685,1,9101100,35.732,70.99236641221376
2024-06-25 10:00:00,36.09,36.15,35.86,35.89,6709,1,4106400,35.7385,53.54330708661428
2024-06-25 11:00:00,35.87,36.06,35.83,36.05,5430,1,2850000,35.759,60.4316546762589
2024-06-25 12:00:00,36.04,36.06,35.8,35.86,4808,1,3383800,35.768499999999996,55.62913907284772
2024-06-25 13:00:00,35.85,35.97,35.81,35.96,4166,1,1765200,35.794,57.051282051282
2024-06-25 14:00:00,35.96,36.1,35.9,36.05,3458,1,1054700,35.814,59.75609756097566
2024-06-25 15:00:00,36.06,36.12,35.99,36.06,3052,1,1038300,35.8395,59.00621118012424
2024-06-25 16:00:00,36.07,36.08,35.98,36.07,5151,1,4282300,35.853,59.25925925925923
2024-06-26 10:00:00,35.84,36.15,35.78,36.08,9688,1,6348500,35.869,58.2278481012658
2024-06-26 11:00:00,36.07,36.15,35.9,35.92,6327,1,5063400,35.8805,61.744966442953164
2024-06-26 12:00:00,35.94,35.95,35.76,35.89,5494,1,2380000,35.888,56.52173913043483
2024-06-26 13:00:00,35.89,36.01,35.85,35.95,3604,1,1566700,35.899,54.88721804511291
2024-06-26 14:00:00,35.95,36.09,35.94,35.99,3861,1,1804500,35.91,56.61764705882356
2024-06-26 15:00:00,35.99,36.03,35.91,35.97,4120,1,1323900,35.92,55.147058823529434
2024-06-26 16:00:00,35.98,36.14,35.95,36.13,5835,1,6989800,35.935500000000005,51.200000000000045
2024-06-27 10:00:00,36.53,36.82,36.4,36.62,17559,1,10148500,35.988,73.85620915032679
2024-06-27 11:00:00,36.62,36.67,36.4,36.42,9444,1,4375900,36.0235,61.78343949044606
2024-06-27 12:00:00,36.43,36.65,36.35,36.62,6889,1,4220300,36.0635,74.05063291139248
2024-06-27 13:00:00,36.62,36.73,36.53,36.65,7762,1,2413400,36.10549999999999,72.84768211920536
2024-06-27 14:00:00,36.65,36.71,36.59,36.7,4273,1,1421600,36.149,72.10884353741517
2024-06-27 15:00:00,36.71,36.74,36.58,36.69,5303,1,5282900,36.1785,71.4285714285713
2024-06-27 16:00:00,36.71,36.97,36.69,36.73,9299,1,9775800,36.2205,71.99999999999989
2024-06-28 10:00:00,36.82,37.1,36.77,36.88,7735,1,4493300,36.262,74.39024390243904
2024-06-28 11:00:00,36.87,36.96,36.73,36.9,5465,1,2725800,36.31400000000001,82.6666666666664
2024-06-28 12:00:00,36.9,36.97,36.87,36.93,3527,1,1553600,36.3625,84.66666666666647
2024-06-28 13:00:00,36.93,37.03,36.85,36.94,6767,1,2487300,36.407000000000004,84.13793103448252
2024-06-28 14:00:00,36.93,37.17,36.92,37.08,9580,1,2632700,36.458,85.16129032258043
2024-06-28 15:00:00,37.08,37.18,36.98,37.08,6492,1,2535100,36.5085,86.27450980392152
2024-06-28 16:00:00,37.09,37.11,36.91,37.06,7209,1,5559500,36.5575,83.45323741007209
2024-07-01 10:00:00,37.31,37.53,37.19,37.43,16432,1,5071600,36.632999999999996,81.88976377952775
2024-07-01 11:00:00,37.43,37.61,37.3,37.58,14930,1,4248100,36.717499999999994,97.54098360655728
2024-07-01 12:00:00,37.58,37.69,37.46,37.47,9621,1,3464200,36.7935,87.61061946902653
2024-07-01 13:00:00,37.47,37.69,37.41,37.6,4272,1,1880100,36.874,88.61788617886178
2024-07-01 14:00:00,37.6,37.69,37.53,37.68,4598,1,1646300,36.9595,88.88888888888883
2024-07-01 15:00:00,37.67,37.75,37.52,37.55,5953,1,3580600,37.0305,81.15942028985515
2024-07-01 16:00:00,37.55,37.65,37.55,37.63,5835,1,5021000,37.081,81.69014084507059
2024-07-02 10:00:00,37.82,38.08,37.69,38.02,16925,1,6338000,37.161,84.33734939759044
2024-07-02 11:00:00,38.03,38.05,37.82,37.95,13698,1,6079300,37.227500000000006,80.70175438596502
2024-07-02 12:00:00,37.95,38.0,37.82,37.82,6545,1,3141800,37.286,74.585635359116
2024-07-02 13:00:00,37.82,37.84,37.53,37.62,7779,1,4212300,37.332,66.99999999999993
2024-07-02 14:00:00,37.62,37.68,37.44,37.56,5219,1,2952800,37.3755,62.50000000000009
2024-07-02 15:00:00,37.56,37.65,37.55,37.58,5445,1,2157500,37.418,62.88659793814435
2024-07-02 16:00:00,37.58,37.71,37.5,37.51,10264,1,8319200,37.4495,61.30653266331646
2024-07-03 10:00:00,37.69,37.78,37.21,37.42,15855,1,8577000,37.4755,49.70760233918134
2024-07-03 11:00:00,37.42,37.53,37.17,37.21,21235,1,5732400,37.4895,39.54802259887015
2024-07-03 12:00:00,37.21,37.26,37.04,37.14,11041,1,4999000,37.4995,40.462427745664804
2024-07-03 13:00:00,37.16,37.17,36.98,37.03,11542,1,3838300,37.497,33.33333333333333
2024-07-03 14:00:00,37.04,37.06,36.9,36.97,8939,1,2847900,37.4915,28.99408284023673
2024-07-03 15:00:00,36.97,37.15,36.95,37.0,9111,1,2643400,37.4885,32.70440251572339
2024-07-03 16:00:00,37.0,37.02,36.78,36.86,11607,1,9645300,37.459999999999994,26.666666666666558
2024-07-04 10:00:00,36.91,36.97,36.65,36.69,6744,1,4910100,37.4155,3.4965034965033084
2024-07-04 11:00:00,36.68,36.71,36.5,36.55,9369,1,5197100,37.3695,3.333333333333158
2024-07-04 12:00:00,36.55,36.55,36.24,36.46,8735,1,4795400,37.3125,3.424657534246407
2024-07-04 13:00:00,36.45,36.48,36.29,36.35,5625,1,4248500,37.246,3.6496350364961643
2024-07-04 14:00:00,36.35,36.45,36.27,36.28,6633,1,2318500,37.1825,3.6231884057968955
2024-07-04 15:00:00,36.28,36.28,36.15,36.25,7352,1,4135600,37.1135,2.1582733812950465
2024-07-04 16:00:00,36.24,36.49,36.21,36.35,6748,1,6808700,37.03,9.154929577464955
2024-07-05 10:00:00,36.48,36.62,36.26,36.48,12867,1,7389800,36.9565,17.808219178082055
2024-07-05 11:00:00,36.49,36.67,36.46,36.53,11175,1,6728000,36.892,23.846153846153953
2024-07-05 12:00:00,36.53,36.62,36.45,36.46,5417,1,3096300,36.834,23.846153846153953
2024-07-05 13:00:00,36.46,36.5,36.28,36.33,7621,1,3455500,36.772499999999994,23.484848484848527
2024-07-05 14:00:00,36.33,36.38,36.18,36.22,6579,1,2288700,36.7045,22.627737226277475
2024-07-05 15:00:00,36.22,36.31,36.15,36.29,6140,1,1873500,36.6435,24.822695035461038
2024-07-05 16:00:00,36.29,36.54,36.28,36.54,7400,1,7827200,36.5995,39.47368421052632
2024-07-08 10:00:00,36.51,36.54,36.32,36.47,6902,1,4022700,36.5625,42.25352112676062
2024-07-08 11:00:00,36.47,36.57,36.39,36.44,5668,1,2216100,36.527499999999996,45.80152671755729
2024-07-08 12:00:00,36.43,37.23,36.43,37.13,18453,1,15904200,36.5325,67.53926701570676
2024-07-08 13:00:00,37.13,37.28,37.01,37.26,14992,1,7401500,36.547,73.57512953367858
2024-07-08 14:00:00,37.26,37.5,37.21,37.43,16582,1,5159800,36.56849999999999,78.32512315270921
2024-07-08 15:00:00,37.44,37.5,37.31,37.43,12193,1,4799700,36.597,79.49999999999989
2024-07-08 16:00:00,37.44,37.52,37.42,37.44,14342,1,9237900,36.634499999999996,78.53403141361241
2024-07-09 10:00:00,37.45,37.56,37.28,37.43,8719,1,7902800,36.6785,76.53631284916199
2024-07-09 11:00:00,37.44,37.64,37.37,37.62,6344,1,5253800,36.7365,78.23834196891183
2024-07-09 12:00:00,37.62,37.65,37.45,37.57,5972,1,4263700,36.7975,79.05759162303669
2024-07-09 13:00:00,37.56,37.69,37.5,37.54,6483,1,3228800,36.8605,83.425414364641
2024-07-09 14:00:00,37.55,37.56,37.45,37.48,4729,1,2663100,36.922,85.79545454545453
2024-07-09 15:00:00,37.49,37.57,37.48,37.53,3828,1,2560400,36.981,85.63218390804599
2024-07-09 16:00:00,37.53,37.53,37.42,37.43,4886,1,8821900,37.028499999999994,77.98742138364776
2024-07-10 10:00:00,37.49,37.56,37.17,37.25,10461,1,4973300,37.064499999999995,72.94117647058823
2024-07-10 11:00:00,37.27,37.39,37.18,37.24,7987,1,3283000,37.1035,73.80952380952394
2024-07-10 12:00:00,37.24,37.46,37.24,37.28,7544,1,7726700,37.150999999999996,57.28155339805823
2024-07-10 13:00:00,37.28,37.3,37.1,37.16,7235,1,3758100,37.198,45.09803921568622
2024-07-10 14:00:00,37.18,37.19,36.99,37.15,8443,1,3662900,37.241,33.72093023255806
2024-07-10 15:00:00,37.16,37.21,37.02,37.15,6958,1,3213700,37.271499999999996,33.72093023255806
2024-07-10 16:00:00,37.16,37.24,37.04,37.08,7838,1,6179800,37.30200000000001,30.434782608695713
2024-07-11 10:00:00,37.17,37.42,37.12,37.25,8871,1,3396400,37.3425,41.666666666666714
2024-07-11 11:00:00,37.25,37.33,37.16,37.28,3355,1,1846200,37.35,31.521739130435165
2024-07-11 12:00:00,37.27,37.31,37.17,37.18,2557,1,1124000,37.346,29.896907216495094
2024-07-11 13:00:00,37.19,37.28,37.16,37.2,2599,1,1031200,37.334500000000006,32.29166666666714
2024-07-11 14:00:00,37.2,37.28,37.18,37.28,3583,1,1113700,37.327,39.79591836734728
2024-07-11 15:00:00,37.28,37.42,37.22,37.42,6272,1,2196400,37.326,44.85981308411222
2024-07-11 16:00:00,37.41,37.45,37.33,37.33,14362,1,6426300,37.321,45.283018867924504
2024-07-12 10:00:00,37.43,37.48,37.27,37.43,4490,1,2137900,37.3115,59.18367346938764
2024-07-12 11:00:00,37.43,37.51,37.28,37.33,7628,1,3147800,37.2995,54.20560747663529
2024-07-12 12:00:00,37.33,37.37,37.23,37.27,3407,1,1358700,37.285999999999994,49.54128440366982
2024-07-12 13:00:00,37.28,37.33,37.22,37.31,3201,1,1084700,37.2775,57.42574257425767
2024-07-12 14:00:00,37.3,37.38,37.24,37.35,3054,1,1527500,37.2685,59.61538461538469
2024-07-12 15:00:00,37.36,37.37,37.2,37.22,3616,1,1368700,37.257999999999996,52.99145299145299
2024-07-12 16:00:00,37.21,37.24,37.15,37.16,5436,1,5125900,37.2535,53.44827586206886
2024-07-15 10:00:00,37.3,37.52,37.21,37.48,7764,1,3794300,37.265499999999996,58.77862595419829
2024-07-15 11:00:00,37.48,37.62,37.45,37.55,7419,1,2580200,37.279,59.99999999999979
2024-07-15 12:00:00,37.55,37.68,37.49,37.66,10053,1,3974200,37.303999999999995,67.64705882352922
2024-07-15 13:00:00,37.66,37.68,37.59,37.65,6776,1,1873000,37.32899999999999,66.66666666666649
2024-07-15 14:00:00,37.66,37.71,37.56,37.59,5671,1,3495900,37.351,61.65413533834597
2024-07-15 15:00:00,37.6,37.72,37.56,37.7,6100,1,2232600,37.382,60.76923076923084
2024-07-15 16:00:00,37.7,37.72,37.46,37.5,7242,1,4960500,37.3945,56.02836879432631
2024-07-16 10:00:00,37.35,37.5,37.22,37.28,8256,1,3930300,37.3945,45.0980392156863
2024-07-16 11:00:00,37.28,37.34,37.12,37.26,12520,1,4579200,37.3985,47.5862068965517
2024-07-16 12:00:00,37.26,37.38,37.25,37.38,3823,1,1511600,37.4075,53.64238410596023
2024-07-16 13:00:00,37.38,37.39,37.17,37.26,5057,1,1847500,37.4065,48.427672955974714
2024-07-16 14:00:00,37.25,37.36,37.24,37.33,4586,1,1960400,37.402,49.38271604938262
2024-07-16 15:00:00,37.33,37.39,37.27,37.3,4517,1,1519500,37.4005,52.631578947368354
2024-07-16 16:00:00,37.3,37.4,37.29,37.4,4693,1,4075000,37.398999999999994,57.69230769230771
2024-07-17 10:00:00,37.43,37.62,37.35,37.56,4074,1,2069000,37.4105,52.857142857143025
2024-07-17 11:00:00,37.56,37.59,37.41,37.45,4228,1,2302200,37.4195,46.527777777778006
2024-07-17 12:00:00,37.46,37.52,37.34,37.47,14041,1,7035400,37.427499999999995,42.9629629629631
2024-07-17 13:00:00,37.47,37.5,37.43,37.49,2355,1,1270000,37.4345,44.117647058823714
2024-07-17 14:00:00,37.48,37.51,37.43,37.48,3270,1,1222800,37.447500000000005,45.80152671755708
2024-07-17 15:00:00,37.47,37.58,37.44,37.57,5118,1,3715600,37.467999999999996,44.96124031007753
2024-07-17 16:00:00,37.56,37.68,37.52,37.6,7056,1,6649100,37.474,54.46428571428567
2024-07-18 10:00:00,37.5,37.59,37.35,37.49,6147,1,4764000,37.471,60.39603960396016
2024-07-18 11:00:00,37.5,37.55,37.42,37.5,7290,1,2214000,37.463,61.999999999999844
2024-07-18 12:00:00,37.49,37.55,37.44,37.52,3111,1,1082700,37.4565,57.77777777777763
2024-07-18 13:00:00,37.53,37.64,37.45,37.61,3537,1,2496700,37.457499999999996,70.11494252873544
2024-07-18 14:00:00,37.62,37.65,37.54,37.63,3809,1,1716000,37.45399999999999,68.2926829268292
2024-07-18 15:00:00,37.63,37.65,37.41,37.44,5075,1,3192400,37.451,57.14285714285704
2024-07-18 16:00:00,37.44,37.54,37.4,37.53,4933,1,5498000,37.463499999999996,56.70103092783505
2024-07-19 10:00:00,37.5,37.76,37.47,37.59,4327,1,2565000,37.480000000000004,51.72413793103452
2024-07-19 11:00:00,37.59,37.65,37.39,37.53,6420,1,3912200,37.4875,54.87804878048757
2024-07-19 12:00:00,37.53,37.63,37.43,37.52,4438,1,2549200,37.5005,53.0864197530866
2024-07-19 13:00:00,37.51,37.56,37.4,37.51,3102,1,1596500,37.509499999999996,51.24999999999971
2024-07-19 14:00:00,37.5,37.6,37.48,37.58,3590,1,1527100,37.5235,55.81395348837203
2024-07-19 15:00:00,37.58,37.58,37.46,37.51,4840,1,2524800,37.529,46.42857142857137
2024-07-19 16:00:00,37.52,37.68,37.43,37.68,11707,1,15335100,37.535000000000004,54.081632653061064
2024-07-22 10:00:00,37.59,37.59,37.12,37.13,7886,1,5928700,37.519000000000005,37.32394366197198
2024-07-22 11:00:00,37.14,37.35,37.08,37.33,6915,1,3762700,37.512,44.72049689440993
2024-07-22 12:00:00,37.34,37.34,37.12,37.2,5148,1,2402900,37.4975,40.69767441860468
2024-07-22 13:00:00,37.2,37.23,37.02,37.04,5378,1,2278000,37.4755,34.078212290502904
2024-07-22 14:00:00,37.04,37.18,37.01,37.13,4183,1,1678900,37.453500000000005,36.55913978494634
2024-07-22 15:00:00,37.14,37.15,36.95,37.02,4619,1,2192100,37.4245,38.20224719101144
2024-07-22 16:00:00,37.02,37.08,36.9,36.93,8199,1,7422900,37.3965,33.14606741573037
2024-07-23 10:00:00,36.93,37.01,36.57,36.69,7675,1,4842800,37.356,27.040816326530546
2024-07-23 11:00:00,36.7,36.78,36.61,36.69,5501,1,5434400,37.3145,27.89473684210523
2024-07-23 12:00:00,36.69,36.72,36.58,36.6,4377,1,1664500,37.264,26.767676767676775
2024-07-23 13:00:00,36.62,36.72,36.55,36.62,5313,1,2026100,37.2135,27.638190954773805
2024-07-23 14:00:00,36.62,36.67,36.54,36.56,5582,1,1830800,37.1695,24.242424242424207
2024-07-23 15:00:00,36.55,36.61,36.49,36.56,10331,1,2766800,37.121,25.130890052355994
2024-07-23 16:00:00,36.56,36.59,36.46,36.46,8101,1,6565000,37.064499999999995,16.84782608695636
2024-07-24 10:00:00,36.68,36.92,36.53,36.78,7996,1,3236600,37.027,39.130434782608596
2024-07-24 11:00:00,36.78,36.98,36.76,36.95,5069,1,3029400,36.9985,37.97468354430393
2024-07-24 12:00:00,36.95,37.01,36.68,36.69,7371,1,4482000,36.9575,35.08771929824553
2024-07-24 13:00:00,36.69,36.8,36.65,36.73,5617,1,3026400,36.915,40.251572327043974
2024-07-24 14:00:00,36.74,36.82,36.72,36.74,4778,1,2306600,36.8765,37.08609271523181
2024-07-24 15:00:00,36.74,36.84,36.7,36.81,5788,1,2322700,36.833,42.857142857142854
2024-07-24 16:00:00,36.82,36.87,36.75,36.75,6950,1,5321600,36.814,43.750000000000036
2024-07-25 10:00:00,36.58,36.61,36.3,36.47,6066,1,4211700,36.771,42.56756756756763
2024-07-25 11:00:00,36.47,36.6,36.44,36.6,5322,1,2709000,36.741,47.2049689440995
2024-07-25 12:00:00,36.61,36.7,36.54,36.63,3641,1,2342300,36.7205,50.9677419354839
2024-07-25 13:00:00,36.63,36.69,36.54,36.63,3495,1,2252500,36.6955,50.32679738562108
2024-07-25 14:00:00,36.63,36.68,36.6,36.62,2643,1,1081600,36.6755,52.02702702702683
2024-07-25 15:00:00,36.62,36.65,36.57,36.63,4553,1,2287600,36.6605,52.34899328859057
2024-07-25 16:00:00,36.62,36.77,36.61,36.7,4152,1,4618500,36.661,58.21917808219168
2024-07-26 10:00:00,36.69,36.7,36.53,36.63,4552,1,1909100,36.658,43.80165289256219
2024-07-26 11:00:00,36.63,36.64,36.45,36.5,4798,1,2086500,36.653,30.769230769231143
2024-07-26 12:00:00,36.51,36.64,36.47,36.64,4374,1,1462300,36.653999999999996,47.61904761904782
2024-07-26 13:00:00,36.63,36.75,36.61,36.71,2681,1,1276400,36.661500000000004,49.07407407407429
2024-07-26 14:00:00,36.71,36.79,36.65,36.7,2719,1,1046300,36.6685,48.14814814814822
2024-07-26 15:00:00,36.71,37.14,36.62,36.75,10639,1,11015600,36.68300000000001,47.169811320754654
2024-07-26 16:00:00,36.75,36.8,36.66,36.66,5383,1,13067600,36.67700000000001,45.87155963302743
2024-07-29 10:00:00,36.53,36.74,36.15,36.18,21141,1,9960000,36.6385,38.75968992248076
2024-07-29 11:00:00,36.18,36.23,35.71,35.71,15825,1,6527300,36.5895,22.69938650306763
2024-07-29 12:00:00,35.71,35.72,35.47,35.55,15404,1,5107600,36.5305,19.318181818181884
2024-07-29 13:00:00,35.55,35.69,35.52,35.63,11110,1,4529000,36.475,22.826086956522005
2024-07-29 14:00:00,35.63,35.76,35.55,35.73,6991,1,1838200,36.421,26.943005181347218
2024-07-29 15:00:00,35.72,35.81,35.68,35.76,7353,1,2495200,36.3715,27.692307692307622
2024-07-29 16:00:00,35.77,35.92,35.69,35.92,8923,1,9123900,36.344,30.882352941176507
2024-07-30 10:00:00,35.56,35.79,35.44,35.78,5794,1,3699900,36.303000000000004,29.857819905213304
2024-07-30 11:00:00,35.79,35.81,35.66,35.78,5676,1,1774300,36.2605,31.818181818181884
2024-07-30 12:00:00,35.78,35.78,35.53,35.61,5776,1,1771600,36.2095,24.378109452736354
2024-07-30 13:00:00,35.62,35.77,35.55,35.71,5131,1,1407200,36.164,25.49019607843144
2024-07-30 14:00:00,35.71,35.73,35.57,35.64,5576,1,1356500,36.1145,24.761904761904816
2024-07-30 15:00:00,35.63,35.7,35.57,35.63,6545,1,1478300,36.061,22.8155339805827
2024-07-30 16:00:00,35.65,35.78,35.58,35.7,5774,1,4423300,36.014500000000005,26.470588235294358
2024-07-31 10:00:00,36.09,36.44,36.08,36.18,8379,1,5715200,35.9985,50.0
2024-07-31 11:00:00,36.19,36.21,36.0,36.15,4310,1,1676500,35.974000000000004,63.74999999999985
2024-07-31 12:00:00,36.14,36.17,36.08,36.16,3333,1,2283400,35.9465,71.03448275862063
2024-07-31 13:00:00,36.17,36.4,36.15,36.33,4995,1,3565700,35.928,72.7272727272726
2024-07-31 14:00:00,36.33,36.35,36.22,36.24,3267,1,1855500,35.902499999999996,66.66666666666683
2024-07-31 15:00:00,36.26,36.27,36.16,36.26,3507,1,1382600,35.8825,66.44736842105267
2024-07-31 16:00:00,36.25,36.44,36.18,36.44,8200,1,11881400,35.895500000000006,66.88311688311684
2024-08-01 10:00:00,36.77,36.85,36.56,36.58,9544,1,8860500,35.939,75.97402597402602
2024-08-01 11:00:00,36.59,36.62,36.16,36.19,8274,1,4022200,35.971000000000004,60.62176165803103
2024-08-01 12:00:00,36.19,36.26,36.1,36.16,7336,1,2478500,35.997499999999995,65.3631284916201
2024-08-01 13:00:00,36.16,36.17,35.94,36.06,8310,1,3033800,36.013999999999996,59.77653631284929
2024-08-01 14:00:00,36.05,36.14,35.97,36.11,6111,1,2287600,36.0315,63.2768361581922
2024-08-01 15:00:00,36.1,36.13,35.83,35.85,7421,1,2999500,36.028,55.445544554455466
2024-08-01 16:00:00,35.84,36.04,35.84,35.88,7550,1,5952700,36.033,54.545454545454575
2024-08-02 10:00:00,35.77,35.84,34.93,35.05,14504,1,10377600,35.996500000000005,25.75107296137324
2024-08-02 11:00:00,35.05,35.13,34.8,34.94,10786,1,4835600,35.963,24.89626556016586
2024-08-02 12:00:00,34.96,35.11,34.9,35.05,6687,1,3490400,35.92999999999999,27.888446215139382
2024-08-02 13:00:00,35.05,35.15,34.9,35.07,5505,1,3612700,35.9015,23.30508474576267
2024-08-02 14:00:00,35.07,35.14,34.97,34.99,4294,1,2279800,35.8695,23.404255319148874
2024-08-02 15:00:00,34.99,35.12,34.95,35.01,5694,1,3675600,35.834999999999994,23.404255319148874
2024-08-02 16:00:00,35.01,35.04,34.8,34.8,8610,1,8130700,35.766,15.546218487394881
2024-08-05 10:00:00,33.9,34.19,33.7,34.04,12697,1,10095700,35.6605,7.666666666666572
2024-08-05 11:00:00,34.04,34.28,33.99,34.2,9626,1,5447600,35.56249999999999,14.079422382671524
2024-08-05 12:00:00,34.19,34.37,34.1,34.33,7148,1,3734000,35.4625,18.118466898954622
2024-08-05 13:00:00,34.33,34.42,34.15,34.2,4763,1,2125300,35.3605,17.931034482758534
2024-08-05 14:00:00,34.2,34.32,34.18,34.19,4949,1,2075300,35.257,16.433566433566398
2024-08-05 15:00:00,34.19,34.27,34.06,34.17,5758,1,3372800,35.143499999999996,17.9389312977099
2024-08-05 16:00:00,34.17,34.77,34.08,34.77,6585,1,17623800,35.053000000000004,32.60188087774294
2024-08-06 10:00:00,34.67,34.9,34.47,34.54,9344,1,7507100,34.9705,40.154440154440174
2024-08-06 11:00:00,34.54,34.67,34.42,34.47,7090,1,3915500,34.886,40.78431372549021
2024-08-06 12:00:00,34.47,34.78,34.44,34.75,6594,1,3891300,34.8205,44.48529411764711
2024-08-06 13:00:00,34.75,35.04,34.74,35.01,6090,1,3590100,34.7655,48.98648648648645
2024-08-06 14:00:00,35.01,35.51,35.0,35.34,6660,1,5794700,34.74,55.45171339563865
2024-08-06 15:00:00,35.34,35.71,35.33,35.61,10659,1,4138100,34.7265,58.67052023121389
2024-08-06 16:00:00,35.61,35.62,35.38,35.38,9023,1,7036000,34.742999999999995,58.333333333333414
2024-08-07 10:00:00,35.75,35.79,35.41,35.62,7535,1,4206200,34.777,76.68918918918922
2024-08-07 11:00:00,35.61,35.61,35.43,35.56,4755,1,1870000,34.8025,73.77622377622389
2024-08-07 12:00:00,35.56,35.58,35.31,35.47,5271,1,2742600,34.822500000000005,70.21276595744686
2024-08-07 13:00:00,35.47,35.48,35.28,35.36,3891,1,1712900,34.841,70.71428571428568
2024-08-07 14:00:00,35.36,35.42,35.26,35.3,5786,1,2587000,34.8555,69.47368421052634
2024-08-07 15:00:00,35.3,35.3,35.06,35.12,9676,1,3262800,34.871500000000005,65.7807308970099
2024-08-07 16:00:00,35.11,35.35,35.09,35.33,13517,1,8541800,34.936,60.68702290076328
2024-08-08 10:00:00,35.4,35.6,35.22,35.43,6989,1,3036600,34.9975,67.87148594377516
2024-08-08 11:00:00,35.44,35.59,35.34,35.55,6355,1,2424200,35.058499999999995,71.25984251968507
2024-08-08 12:00:00,35.56,35.58,35.4,35.48,6038,1,2160700,35.122499999999995,65.66523605150215
2024-08-08 13:00:00,35.47,35.55,35.43,35.53,4970,1,2335900,35.189499999999995,62.26415094339632
2024-08-08 14:00:00,35.53,35.71,35.52,35.71,6863,1,2704900,35.26649999999999,59.390862944162414
2024-08-08 15:00:00,35.71,35.99,35.65,35.88,12855,1,6289800,35.321999999999996,57.21925133689848
2024-08-08 16:00:00,35.88,35.91,35.73,35.89,10037,1,10792400,35.3895,65.45454545454541
2024-08-09 10:00:00,35.19,35.23,34.65,35.08,19553,1,18938500,35.42,37.83783783783789
2024-08-09 11:00:00,35.08,35.88,35.05,35.7,18582,1,13519600,35.467499999999994,52.51798561151078
2024-08-09 12:00:00,35.7,35.99,35.68,35.78,10811,1,6076000,35.506,55.59566787003612
2024-08-09 13:00:00,35.78,35.92,35.65,35.83,8193,1,3876800,35.530499999999996,58.67158671586711
2024-08-09 14:00:00,35.83,35.89,35.5,35.5,10054,1,6625600,35.525,53.35570469798662
2024-08-09 15:00:00,35.5,35.64,35.42,35.44,10167,1,6402300,35.528,55.594405594405586
2024-08-09 16:00:00,35.44,35.73,35.4,35.56,11773,1,10548500,35.525,54.151624548736514
2024-08-12 10:00:00,35.84,36.42,35.84,36.42,11435,1,5954100,35.568,64.02266288951841
2024-08-12 11:00:00,36.41,36.73,36.36,36.65,10176,1,8093200,35.626999999999995,65.1098901098901
2024-08-12 12:00:00,36.65,36.83,36.57,36.7,7378,1,4826900,35.694,66.8508287292818
2024-08-12 13:00:00,36.69,36.71,36.56,36.59,7722,1,3435700,35.7585,64.40217391304348
2024-08-12 14:00:00,36.59,36.62,36.51,36.53,7049,1,2755500,35.829,61.51685393258424
2024-08-12 15:00:00,36.54,36.57,36.39,36.52,6566,1,2639500,35.8885,59.41176470588234
2024-08-12 16:00:00,36.52,36.61,36.37,36.37,12297,1,11667100,35.935500000000005,56.779661016949085
2024-08-13 10:00:00,36.55,36.65,36.33,36.4,8127,1,3505300,35.978,73.91304347826076
2024-08-13 11:00:00,36.4,36.49,36.12,36.21,10879,1,4174500,36.014500000000005,60.94420600858362
2024-08-13 12:00:00,36.23,36.24,36.01,36.04,8671,1,3193800,36.040000000000006,55.37190082644622
2024-08-13 13:00:00,36.04,36.22,36.02,36.16,6898,1,3030900,36.0625,56.62650602409633
2024-08-13 14:00:00,36.15,36.4,36.15,36.35,6829,1,4721100,36.086,68.08510638297864
2024-08-13 15:00:00,36.35,36.39,36.28,36.31,6179,1,2168100,36.107,68.6695278969957
2024-08-13 16:00:00,36.31,36.33,36.15,36.15,8407,1,7671800,36.1605,62.447257383966104
2024-08-14 10:00:00,36.22,36.59,36.19,36.51,13370,1,4870300,36.201,52.40641711229936
2024-08-14 11:00:00,36.52,36.59,36.4,36.59,10440,1,2537900,36.241499999999995,48.255813953488534
2024-08-14 12:00:00,36.59,36.71,36.51,36.69,9385,1,3939500,36.2845,49.71751412429364
2024-08-14 13:00:00,36.68,36.76,36.6,36.71,9773,1,3583400,36.345000000000006,53.57142857142846
2024-08-14 14:00:00,36.71,36.76,36.59,36.76,11920,1,3600700,36.411,56.88622754491005
2024-08-14 15:00:00,36.75,37.01,36.66,36.87,20303,1,9250100,36.4765,59.887005649717295
2024-08-14 16:00:00,36.85,36.86,36.7,36.78,10600,1,9358000,36.4945,61.98830409356735
2024-08-15 10:00:00,37.06,37.24,37.01,37.06,8720,1,3863700,36.515,66.83673469387764
2024-08-15 11:00:00,37.05,37.4,37.05,37.33,19591,1,7680800,36.546499999999995,77.45098039215681
2024-08-15 12:00:00,37.33,37.55,37.32,37.51,17355,1,6107300,36.5925,85.85365853658539
2024-08-15 13:00:00,37.5,37.56,37.36,37.49,9922,1,3476000,36.640499999999996,84.10256410256432
2024-08-15 14:00:00,37.49,37.54,37.41,37.47,7779,1,2767200,36.688,81.4606741573034
2024-08-15 15:00:00,37.47,37.47,37.32,37.35,7241,1,3580300,36.737,77.95698924731192
2024-08-15 16:00:00,37.36,37.41,37.3,37.34,9308,1,5621500,36.784,84.7953216374273
2024-08-16 10:00:00,37.18,37.39,37.04,37.32,9646,1,5373900,36.8395,79.56204379562072
2024-08-16 11:00:00,37.31,37.44,37.26,37.39,9313,1,4633300,36.907,79.41176470588256
2024-08-16 12:00:00,37.39,37.59,37.37,37.54,7509,1,4700600,36.976,80.14184397163149
2024-08-16 13:00:00,37.54,37.65,37.47,37.61,8792,1,2771700,37.039,80.82191780821941
2024-08-16 14:00:00,37.6,37.76,37.52,37.52,9420,1,6038700,37.0995,75.33333333333374
2024-08-16 15:00:00,37.52,37.6,37.33,37.52,7802,1,4489200,37.168,73.38129496402921
2024-08-16 16:00:00,37.52,37.6,37.39,37.5,8233,1,7551100,37.2175,77.27272727272738
2024-08-19 10:00:00,37.6,37.78,37.45,37.55,7258,1,4720100,37.2655,72.47706422018348
2024-08-19 11:00:00,37.57,37.7,37.51,37.65,6870,1,3467400,37.3135,67.3913043478262
2024-08-19 12:00:00,37.66,37.73,37.6,37.64,6399,1,3053800,37.36,58.66666666666692
2024-08-19 13:00:00,37.65,37.67,37.58,37.61,4990,1,2156400,37.402499999999996,57.89473684210511
2024-08-19 14:00:00,37.62,37.72,37.5,37.53,10871,1,5456600,37.4355,53.65853658536603
2024-08-19 15:00:00,37.53,37.56,37.4,37.47,6263,1,2802000,37.47,57.89473684210511
2024-08-19 16:00:00,37.47,37.56,37.44,37.44,10984,1,6352700,37.489000000000004,56.41025641025604
2024-08-20 10:00:00,37.5,37.67,37.14,37.14,10990,1,6067300,37.4795,41.50943396226413
2024-08-20 11:00:00,37.16,37.16,36.9,37.04,9493,1,5362100,37.456,33.944954128440244
2024-08-20 12:00:00,37.06,37.26,37.04,37.21,5448,1,2208600,37.442,35.1351351351352
2024-08-20 13:00:00,37.2,37.36,37.17,37.27,5803,1,2495900,37.432,34.54545454545473
2024-08-20 14:00:00,37.26,37.3,37.23,37.28,6142,1,1973300,37.4285,38.235294117646994
2024-08-20 15:00:00,37.3,37.4,37.28,37.35,6125,1,2609100,37.429,42.20183486238526
2024-08-20 16:00:00,37.36,37.38,37.27,37.29,8653,1,6524400,37.427499999999995,40.707964601769895
2024-08-21 10:00:00,37.67,37.78,37.47,37.51,15387,1,6180800,37.433499999999995,48.4615384615385
2024-08-21 11:00:00,37.51,37.59,37.37,37.38,6197,1,4388800,37.4255,39.84962406015051
2024-08-21 12:00:00,37.38,37.41,37.22,37.27,5503,1,2733400,37.408500000000004,37.062937062937145
2024-08-21 13:00:00,37.26,37.4,37.22,37.37,4862,1,4319700,37.401,41.99999999999989
2024-08-21 14:00:00,37.38,37.44,37.09,37.12,7021,1,4200000,37.38099999999999,37.72455089820344
2024-08-21 15:00:00,37.12,37.19,36.95,37.11,8695,1,4941600,37.36149999999999,38.888888888888836
2024-08-21 16:00:00,37.11,37.2,37.06,37.07,8919,1,11408100,37.3375,38.65030674846626
2024-08-22 10:00:00,37.28,37.3,36.86,37.04,8600,1,6414600,37.307,46.323529411764625
2024-08-22 11:00:00,37.04,37.2,36.96,37.15,7221,1,4467400,37.2825,54.01459854014599
2024-08-22 12:00:00,37.16,37.27,37.07,37.1,7104,1,3414300,37.257,45.59999999999997
2024-08-22 13:00:00,37.1,37.18,37.06,37.08,5415,1,2063300,37.234500000000004,42.14876033057822
2024-08-22 14:00:00,37.08,37.09,36.96,36.99,4810,1,2246300,37.2105,38.75968992248052
2024-08-22 15:00:00,37.0,37.09,36.99,37.09,4830,1,1630300,37.193,40.15151515151512
2024-08-22 16:00:00,37.09,37.16,36.97,37.12,6444,1,5976500,37.19199999999999,43.410852713178116
2024-08-23 10:00:00,37.37,37.53,37.3,37.37,7461,1,4591000,37.2085,44.69696969696959
2024-08-23 11:00:00,37.37,37.5,37.16,37.3,7233,1,4309800,37.213,46.825396825396574
2024-08-23 12:00:00,37.31,37.39,37.24,37.28,4370,1,1941200,37.213499999999996,50.42735042735035
2024-08-23 13:00:00,37.26,37.28,37.14,37.22,4475,1,5971900,37.2105,43.36283185840707
2024-08-23 14:00:00,37.23,37.26,37.15,37.22,4394,1,1275900,37.204,55.681818181818336
2024-08-23 15:00:00,37.23,37.25,37.09,37.18,6210,1,3679500,37.1985,53.84615384615391
2024-08-23 16:00:00,37.18,37.19,36.89,36.89,7221,1,7063100,37.167500000000004,42.24137931034477
2024-08-26 10:00:00,37.86,38.51,37.71,38.51,24697,1,15968600,37.224000000000004,76.72727272727285
2024-08-26 11:00:00,38.5,38.83,38.42,38.71,22778,1,17384700,37.296,77.46478873239451
2024-08-26 12:00:00,38.71,38.98,38.5,38.98,11925,1,8653700,37.3765,80.71895424836606
2024-08-26 13:00:00,38.97,39.19,38.91,39.1,15506,1,8473000,37.4755,81.96202531645585
2024-08-26 14:00:00,39.1,39.45,39.08,39.41,21348,1,12008900,37.590500000000006,85.79881656804739
2024-08-26 15:00:00,39.41,39.41,39.21,39.29,15359,1,8612100,37.701499999999996,82.35294117647068
2024-08-26 16:00:00,39.29,39.61,39.25,39.57,26575,1,30767400,37.828,83.56164383561656
2024-08-27 10:00:00,39.25,39.37,38.95,39.05,11516,1,10215300,37.923,71.42857142857146
2024-08-27 11:00:00,39.07,39.36,38.95,39.3,8307,1,5819300,38.033,74.39024390243907
2024-08-27 12:00:00,39.31,39.35,39.18,39.2,4662,1,2786000,38.138999999999996,72.96650717703355
2024-08-27 13:00:00,39.2,39.23,39.04,39.05,4681,1,2322400,38.242,71.42857142857143
2024-08-27 14:00:00,39.06,39.26,39.02,39.06,5846,1,3465700,38.3405,71.49532710280377
2024-08-27 15:00:00,39.06,39.11,38.99,39.02,6081,1,2786900,38.435500000000005,71.49532710280377
2024-08-27 16:00:00,39.02,39.12,38.98,39.04,9312,1,7385700,38.519,76.80798004987531
2024-08-28 10:00:00,38.94,39.5,38.78,39.44,11965,1,9120200,38.626,66.66666666666666
2024-08-28 11:00:00,39.45,39.57,39.33,39.38,10460,1,7074600,38.731,62.641509433962334
2024-08-28 12:00:00,39.39,39.41,39.24,39.34,6032,1,2404600,38.837,57.43801652892577
2024-08-28 13:00:00,39.34,39.46,39.27,39.32,7304,1,4309900,38.94199999999999,54.74137931034481
2024-08-28 14:00:00,39.31,39.55,39.29,39.55,5315,1,4985100,39.060500000000005,53.12500000000002
2024-08-28 15:00:00,39.54,39.76,39.45,39.75,11019,1,4879100,39.203500000000005,59.9137931034483
2024-08-28 16:00:00,39.74,39.86,39.59,39.6,13013,1,10454200,39.257999999999996,50.68493150684933
2024-08-29 10:00:00,39.65,39.83,39.42,39.77,10421,1,6796200,39.311,69.56521739130456
2024-08-29 11:00:00,39.78,39.82,39.45,39.51,6486,1,2843400,39.3375,55.67567567567569
2024-08-29 12:00:00,39.51,39.67,39.45,39.49,5524,1,2470500,39.357000000000006,58.192090395480186
2024-08-29 13:00:00,39.49,39.52,39.3,39.35,4562,1,2585800,39.354,58.5227272727274
2024-08-29 14:00:00,39.34,39.49,39.28,39.45,6369,1,3683000,39.362,60.54054054054059
2024-08-29 15:00:00,39.47,39.47,39.32,39.36,6853,1,1704800,39.3515,58.947368421052545
2024-08-29 16:00:00,39.35,39.44,39.28,39.33,8883,1,5221500,39.365500000000004,57.59162303664918
2024-08-30 10:00:00,39.22,39.32,38.88,39.3,9750,1,5751300,39.365500000000004,45.45454545454546
2024-08-30 11:00:00,39.3,39.65,39.19,39.55,11520,1,5775100,39.382999999999996,54.913294797687676
2024-08-30 12:00:00,39.55,39.55,39.11,39.16,6940,1,3622800,39.38850000000001,45.673076923076785
2024-08-30 13:00:00,39.13,39.27,39.12,39.17,5529,1,1785800,39.394,46.37681159420296
2024-08-30 14:00:00,39.16,39.3,39.09,39.29,5838,1,2361300,39.4075,43.36734693877562
2024-08-30 15:00:00,39.28,39.29,39.14,39.22,7008,1,2286300,39.4165,35.51912568306018
2024-08-30 16:00:00,39.21,39.37,39.17,39.37,14635,1,62818300,39.413,43.715846994535454
2024-09-02 10:00:00,39.33,39.4,39.03,39.07,5648,1,3128500,39.3975,32.14285714285715
2024-09-02 11:00:00,39.05,39.12,39.01,39.04,4684,1,1707800,39.3825,36.41618497109834
2024-09-02 12:00:00,39.05,39.1,38.92,39.0,4104,1,1706800,39.3665,36.0
2024-09-02 13:00:00,38.98,39.05,38.89,39.03,4246,1,1653800,39.3405,40.243902439024424
2024-09-02 14:00:00,39.03,39.13,39.01,39.04,5296,1,1772300,39.30499999999999,36.77419354838701
2024-09-02 15:00:00,39.05,39.08,38.98,38.98,4962,1,1226600,39.274,37.49999999999994
2024-09-02 16:00:00,38.98,39.1,38.94,39.0,5788,1,3982800,39.235499999999995,39.0728476821193
2024-09-03 10:00:00,38.79,38.82,38.51,38.64,8646,1,6267400,39.19199999999999,32.06521739130447
2024-09-03 11:00:00,38.63,38.65,38.46,38.53,6747,1,5730900,39.144,20.00000000000017
2024-09-03 12:00:00,38.53,38.58,38.4,38.44,6411,1,10181500,39.0985,24.285714285714434
2024-09-03 13:00:00,38.43,38.64,38.42,38.62,5458,1,1275000,39.057,32.48407643312089
2024-09-03 14:00:00,38.62,38.76,38.59,38.62,6598,1,2334900,39.019999999999996,26.89655172413792
2024-09-03 15:00:00,38.61,38.65,38.52,38.53,7071,1,2393900,38.98,26.53061224489801
2024-09-03 16:00:00,38.53,38.59,38.38,38.53,10511,1,7581800,38.9415,18.18181818181833
2024-09-04 10:00:00,38.74,38.79,38.56,38.62,6847,1,4492900,38.894999999999996,29.729729729729584
2024-09-04 11:00:00,38.62,38.77,38.52,38.73,7059,1,5822100,38.87349999999999,36.97478991596627
2024-09-04 12:00:00,38.73,38.92,38.69,38.75,5891,1,2876500,38.8525,39.31623931623933
2024-09-04 13:00:00,38.75,38.79,38.66,38.68,4078,1,1203300,38.822,35.537190082644585
2024-09-04 14:00:00,38.68,38.7,38.52,38.55,5091,1,3247600,38.7885,31.578947368421055
2024-09-04 15:00:00,38.54,38.67,38.53,38.58,5580,1,3080500,38.749,34.61538461538473
2024-09-04 16:00:00,38.59,38.72,38.54,38.54,6653,1,8055100,38.722500000000004,32.57575757575755
2024-09-05 10:00:00,38.65,38.76,38.54,38.58,8336,1,5296200,38.6995,46.999999999999886
2024-09-05 11:00:00,38.58,38.86,38.55,38.78,7795,1,4269800,38.6885,61.46788990825685
2024-09-05 12:00:00,38.79,38.89,38.65,38.65,5215,1,2611500,38.6695,59.292035398230105
2024-09-05 13:00:00,38.66,38.69,38.55,38.58,4456,1,1853600,38.6465,48.03921568627456
2024-09-05 14:00:00,38.6,38.62,38.4,38.43,4552,1,2959200,38.619,41.88034188034199
2024-09-05 15:00:00,38.44,38.48,38.31,38.4,4223,1,2551400,38.589,44.144144144144065
2024-09-05 16:00:00,38.41,38.46,38.3,38.3,10122,1,6515400,38.572,40.49586776859494
2024-09-06 10:00:00,38.37,38.45,38.12,38.15,6138,1,4561400,38.553,31.49606299212617
2024-09-06 11:00:00,38.15,38.19,37.83,37.93,7556,1,4572900,38.527499999999996,21.014492753623486
2024-09-06 12:00:00,37.93,38.01,37.64,37.7,6198,1,4029400,38.4815,16.981132075471848
2024-09-06 13:00:00,37.69,37.73,37.57,37.65,5683,1,3040900,38.433,17.197452229299486
2024-09-06 14:00:00,37.65,37.74,37.54,37.58,7675,1,3188400,38.3855,17.8807947019869
2024-09-06 15:00:00,37.55,37.61,37.47,37.54,9563,1,5069600,38.336,15.78947368421062
2024-09-06 16:00:00,37.52,37.68,37.51,37.55,10621,1,8406400,38.2825,16.77852348993285
2024-09-09 10:00:00,37.84,37.84,37.61,37.75,8325,1,4157600,38.2335,24.848484848484986
2024-09-09 11:00:00,37.76,38.15,37.71,38.09,6990,1,7353800,38.2005,30.726256983240347
2024-09-09 12:00:00,38.08,38.15,37.94,38.08,4126,1,2528600,38.1705,32.93413173652702
2024-09-09 13:00:00,38.07,38.24,38.03,38.19,6345,1,2819700,38.152499999999996,38.59649122807021
2024-09-09 14:00:00,38.18,38.25,38.08,38.11,5765,1,4963300,38.129,40.243902439024424
2024-09-09 15:00:00,38.11,38.14,38.03,38.09,4870,1,1881800,38.1065,40.49079754601244
2024-09-09 16:00:00,38.1,38.12,37.85,37.96,8179,1,6665500,38.0755,39.759036144578445
2024-09-10 10:00:00,37.92,37.92,37.55,37.57,6808,1,4457400,38.015,34.73684210526325
2024-09-10 11:00:00,37.55,37.56,37.19,37.31,13094,1,5923400,37.948,34.02061855670114
2024-09-10 12:00:00,37.31,37.33,37.18,37.19,14478,1,4596900,37.878499999999995,36.06557377049176
2024-09-10 13:00:00,37.19,37.24,37.13,37.2,7256,1,3538300,37.817,37.430167597765575
2024-09-10 14:00:00,37.19,37.2,37.0,37.05,8128,1,3512800,37.7495,35.82887700534771
2024-09-10 15:00:00,37.04,37.28,37.04,37.28,7572,1,4261700,37.698499999999996,43.68932038834963
2024-09-10 16:00:00,37.28,37.47,37.27,37.33,7519,1,10876600,37.6575,44.761904761904844
2024-09-11 10:00:00,37.76,37.83,37.38,37.4,5216,1,2987700,37.631,41.11675126903559
2024-09-11 11:00:00,37.4,37.46,36.87,37.03,9182,1,9725500,37.5975,23.500000000000128
2024-09-11 12:00:00,37.03,37.4,37.01,37.34,5617,1,4198000,37.582,33.91304347826106
2024-09-11 13:00:00,37.35,37.5,37.32,37.45,4146,1,1549300,37.5755,33.91304347826106
2024-09-11 14:00:00,37.46,37.49,37.36,37.42,4350,1,1772100,37.5695,34.66666666666681
2024-09-11 15:00:00,37.43,37.46,37.27,37.28,8583,1,3913500,37.556,32.91139240506338
2024-09-11 16:00:00,37.28,37.38,37.24,37.29,8056,1,8524800,37.533,35.11111111111117
2024-09-12 10:00:00,37.29,37.32,36.85,36.87,6338,1,5064800,37.472,34.64912280701758
2024-09-12 11:00:00,36.86,36.94,36.75,36.87,6597,1,4545600,37.411500000000004,39.10891089108909
2024-09-12 12:00:00,36.86,37.1,36.85,36.97,4436,1,2548700,37.3505,44.50000000000007
2024-09-12 13:00:00,36.96,37.02,36.88,36.94,3702,1,1475700,37.292,43.56435643564347
2024-09-12 14:00:00,36.94,37.01,36.91,36.94,3711,1,1436100,37.2345,47.05882352941179
2024-09-12 15:00:00,36.94,37.04,36.94,36.99,3230,1,1622800,37.18599999999999,41.42011834319531
2024-09-12 16:00:00,36.99,37.03,36.87,36.87,5234,1,5308600,37.150999999999996,36.931818181818244
2024-09-13 10:00:00,37.11,37.55,37.1,37.35,6413,1,5388300,37.153,48.84792626728118
2024-09-13 11:00:00,37.34,37.35,37.05,37.19,7515,1,5168400,37.153000000000006,54.0816326530611
2024-09-13 12:00:00,37.2,37.2,36.88,37.0,5653,1,5823800,37.143,40.760869565217384
2024-09-13 13:00:00,37.01,37.04,36.82,36.84,2845,1,2283800,37.1325,33.862433862434
2024-09-13 14:00:00,36.83,36.9,36.59,36.68,5085,1,4743800,37.102500000000006,31.683168316831797
2024-09-13 15:00:00,36.68,36.86,36.6,36.81,4742,1,2537400,37.076499999999996,38.30845771144293
2024-09-13 16:00:00,36.79,36.99,36.7,36.7,5626,1,8732100,37.0415,36.018957345971785
2024-09-16 10:00:00,37.24,37.72,37.16,37.57,9308,1,7560000,37.0685,63.671874999999964
2024-09-16 11:00:00,37.58,37.6,37.28,37.35,7853,1,3313900,37.069,58.63309352517987
2024-09-16 12:00:00,37.33,37.41,37.21,37.29,4362,1,1481900,37.061,55.83941605839413
2024-09-16 13:00:00,37.29,37.39,37.26,37.32,3707,1,1338000,37.056,56.93430656934307
2024-09-16 14:00:00,37.32,37.4,37.28,37.38,4409,1,1438300,37.061,57.85714285714289
2024-09-16 15:00:00,37.39,37.4,37.29,37.32,3962,1,1321400,37.0625,55.87188612099638
2024-09-16 16:00:00,37.32,37.37,37.19,37.21,7452,1,6036900,37.079499999999996,56.071428571428605
2024-09-17 10:00:00,37.17,37.19,36.76,36.78,11688,1,4739200,37.075,39.63636363636366
2024-09-17 11:00:00,36.8,36.94,36.76,36.78,11575,1,2991500,37.0655,42.084942084942156
2024-09-17 12:00:00,36.78,36.94,36.77,36.79,7114,1,2140000,37.058,45.643153526970934
2024-09-17 13:00:00,36.79,36.84,36.7,36.74,11111,1,3504200,37.048,47.82608695652171
2024-09-17 14:00:00,36.75,36.83,36.72,36.83,7092,1,1669600,37.040000000000006,53.36322869955155
2024-09-17 15:00:00,36.81,36.95,36.8,36.93,5420,1,2280300,37.043,52.72727272727268
2024-09-17 16:00:00,36.94,37.05,36.87,37.04,6975,1,6040500,37.0275,57.727272727272656
2024-09-18 10:00:00,36.91,36.93,36.44,36.46,11302,1,8336200,36.991,20.942408376963314
2024-09-18 11:00:00,36.46,36.55,36.22,36.25,11348,1,7057700,36.9535,21.052631578947313
2024-09-18 12:00:00,36.25,36.34,36.17,36.19,9011,1,3470000,36.92100000000001,21.052631578947313
2024-09-18 13:00:00,36.19,36.37,36.18,36.36,5946,1,2634800,36.905,26.470588235294088
2024-09-18 14:00:00,36.36,36.36,36.25,36.32,5100,1,2292600,36.8805,23.762376237623656
2024-09-18 15:00:00,36.31,36.49,36.25,36.34,10812,1,6607900,36.8625,25.252525252525302
2024-09-18 16:00:00,36.33,36.37,36.15,36.15,11594,1,8130600,36.7915,24.271844660194148
2024-09-19 10:00:00,36.57,36.78,36.22,36.34,11737,1,7084800,36.741,37.912087912088026
2024-09-19 11:00:00,36.33,36.43,36.19,36.25,6362,1,3570800,36.689,36.125654450261834
2024-09-19 12:00:00,36.23,36.35,36.21,36.3,4153,1,2211300,36.638,37.43589743589745
2024-09-19 13:00:00,36.3,36.41,36.27,36.34,5260,1,1638200,36.586,39.69072164948468
2024-09-19 14:00:00,36.35,36.4,36.29,36.32,6655,1,1676500,36.536,36.36363636363661
2024-09-19 15:00:00,36.31,36.38,36.25,36.33,4493,1,1715000,36.492000000000004,33.14606741573051
2024-09-19 16:00:00,36.32,36.39,36.26,36.27,4972,1,7050700,36.466499999999996,27.745664739884745
2024-09-20 10:00:00,36.27,36.38,36.1,36.16,7810,1,4539500,36.435500000000005,38.09523809523818
2024-09-20 11:00:00,36.13,36.27,36.07,36.2,5609,1,2707900,36.406,47.706422018348825
2024-09-20 12:00:00,36.2,36.33,36.16,36.24,6998,1,3213100,36.381,52.33644859813097
2024-09-20 13:00:00,36.24,36.35,36.22,36.24,5463,1,3128500,36.3515,43.33333333333368
2024-09-20 14:00:00,36.26,36.35,36.19,36.31,7112,1,4737000,36.3205,49.46236559139797
2024-09-20 15:00:00,36.31,36.35,36.2,36.34,8713,1,4068600,36.2855,50.0
2024-09-20 16:00:00,36.35,36.4,36.23,36.26,9936,1,25741400,36.2755,56.62650602409614
2024-09-23 10:00:00,36.39,36.96,36.22,36.89,10724,1,7677000,36.307500000000005,71.65354330708608
2024-09-23 11:00:00,36.88,36.9,36.7,36.78,6606,1,3834100,36.337,70.54263565891445
2024-09-23 12:00:00,36.76,36.79,36.6,36.69,5450,1,2748800,36.3535,64.66165413533807
2024-09-23 13:00:00,36.68,36.83,36.64,36.81,7001,1,5172200,36.378,66.66666666666632
2024-09-23 14:00:00,36.81,36.83,36.73,36.81,4291,1,2120900,36.4015,67.62589928057534
2024-09-23 15:00:00,36.81,36.82,36.68,36.73,4893,1,1872700,36.4305,63.69863013698597
2024-09-23 16:00:00,36.72,36.74,36.62,36.63,6156,1,4700600,36.445,61.99999999999975
2024-09-24 10:00:00,37.23,37.31,36.92,37.09,10655,1,5729800,36.487,75.135135135135
2024-09-24 11:00:00,37.09,37.09,36.91,37.06,5042,1,2450000,36.525,73.36956521739107
2024-09-24 12:00:00,37.06,37.09,36.94,36.98,4701,1,2647000,36.557,69.68085106382941
2024-09-24 13:00:00,36.97,36.99,36.81,36.86,4150,1,2499700,36.583999999999996,65.49999999999977
2024-09-24 14:00:00,36.85,36.86,36.72,36.78,3520,1,1429200,36.6065,61.69154228855707
2024-09-24 15:00:00,36.78,36.84,36.75,36.84,5148,1,2377300,36.635000000000005,62.254901960784196
2024-09-24 16:00:00,36.84,36.94,36.77,36.78,9172,1,17697400,36.666,62.87128712871284
2024-09-25 10:00:00,37.1,37.34,37.04,37.09,10330,1,7553000,36.7105,55.88235294117649
2024-09-25 11:00:00,37.09,37.4,37.08,37.28,9544,1,5047600,36.7625,64.0449438202246
2024-09-25 12:00:00,37.28,37.43,37.22,37.31,7259,1,3474900,36.816,68.02325581395348
2024-09-25 13:00:00,37.3,37.37,37.1,37.12,5141,1,2852100,36.8565,58.659217877094775
2024-09-25 14:00:00,37.12,37.15,36.96,36.99,5516,1,4651800,36.889,54.68749999999997
2024-09-25 15:00:00,36.98,37.1,36.97,37.05,4781,1,1436400,36.9285,58.42105263157896
2024-09-25 16:00:00,37.05,37.08,36.96,37.05,8733,1,13581800,36.9365,61.66666666666649
2024-09-26 10:00:00,36.92,36.92,36.1,36.21,18837,1,15701800,36.908,29.81651376146783
2024-09-26 11:00:00,36.2,36.28,35.97,36.04,16153,1,8728400,36.8755,28.017241379310278
2024-09-26 12:00:00,36.05,36.21,36.0,36.19,8578,1,5648600,36.8445,33.472803347280305
2024-09-26 13:00:00,36.19,36.35,36.13,36.33,5279,1,5984900,36.8205,39.00414937759332
2024-09-26 14:00:00,36.32,36.42,36.26,36.34,6049,1,5882000,36.801,40.59829059829066
2024-09-26 15:00:00,36.34,36.45,36.31,36.35,7187,1,3722200,36.787,39.301310043668074
2024-09-26 16:00:00,36.35,36.36,36.09,36.25,11524,1,12150100,36.745,38.62660944206005
2024-09-27 10:00:00,36.38,36.38,35.93,36.27,13831,1,10083100,36.7055,29.901960784313715
2024-09-27 11:00:00,36.28,36.37,36.22,36.25,7454,1,3189500,36.669,22.45989304812838
2024-09-27 12:00:00,36.24,36.29,36.15,36.18,5330,1,2880500,36.635000000000005,20.418848167539252
2024-09-27 13:00:00,36.19,36.34,36.16,36.25,4145,1,1869300,36.60850000000001,25.69832402234644
2024-09-27 14:00:00,36.26,36.26,36.05,36.16,4795,1,5752200,36.5745,26.28571428571422
2024-09-27 15:00:00,36.16,36.22,36.09,36.16,5193,1,4263600,36.5435,23.668639053254594
2024-09-27 16:00:00,36.16,36.17,36.08,36.11,9034,1,6405300,36.4945,22.988505747126652
2024-09-30 10:00:00,36.16,36.28,35.92,35.95,5788,1,3658700,36.428000000000004,37.735849056603975
2024-09-30 11:00:00,35.93,36.15,35.93,36.11,4704,1,1951800,36.368,53.33333333333333
2024-09-30 12:00:00,36.13,36.17,36.01,36.01,4307,1,1797700,36.3125,41.00000000000008
2024-09-30 13:00:00,36.03,36.06,35.98,36.0,3010,1,1048400,36.263,31.034482758620882
2024-09-30 14:00:00,36.0,36.13,35.98,36.08,3718,1,1192700,36.2145,36.17021276595714
2024-09-30 15:00:00,36.08,36.1,35.93,36.09,7653,1,2257300,36.1665,36.170212765957615
2024-09-30 16:00:00,36.08,36.13,36.01,36.01,5889,1,9149300,36.1565,36.95652173913045
2024-10-01 10:00:00,36.01,36.91,35.83,36.79,13770,1,10838400,36.193999999999996,65.47619047619028
2024-10-01 11:00:00,36.78,37.13,36.71,37.03,10421,1,7739800,36.236000000000004,70.52631578947366
2024-10-01 12:00:00,37.03,37.15,36.95,36.97,7181,1,6619600,36.267999999999994,70.8994708994708
2024-10-01 13:00:00,36.98,37.47,36.87,37.42,8820,1,6597500,36.322,75.77092511013208
2024-10-01 14:00:00,37.43,37.52,37.15,37.29,8081,1,6145400,36.369,74.45887445887442
2024-10-01 15:00:00,37.27,37.29,37.01,37.07,3991,1,4032700,36.410000000000004,67.98418972332017
2024-10-01 16:00:00,37.06,37.08,36.92,36.97,9645,1,7656800,36.44500000000001,66.66666666666657
2024-10-02 10:00:00,37.75,37.88,37.52,37.79,14485,1,9339600,36.522000000000006,78.39506172839486
2024-10-02 11:00:00,37.78,37.93,37.56,37.6,12986,1,5712000,36.593,72.78287461773691
2024-10-02 12:00:00,37.6,37.7,37.44,37.69,6128,1,3148600,36.665,75.76687116564408
2024-10-02 13:00:00,37.68,37.73,37.58,37.62,3882,1,1830600,36.738,74.39759036144564
2024-10-02 14:00:00,37.61,37.68,37.58,37.67,4163,1,1148800,36.8135,74.16413373860172
2024-10-02 15:00:00,37.68,37.68,37.35,37.41,6274,1,3757700,36.8785,68.64406779660996
2024-10-02 16:00:00,37.41,37.53,37.35,37.48,6710,1,7031300,36.955,70.82152974504238
2024-10-03 10:00:00,37.44,37.59,37.21,37.5,12440,1,5413800,37.0245,62.81588447653423
2024-10-03 11:00:00,37.49,37.95,37.44,37.72,10969,1,7365700,37.11,62.54545454545443
2024-10-03 12:00:00,37.72,37.9,37.68,37.7,6472,1,3188400,37.195,63.4686346863469
2024-10-03 13:00:00,37.7,37.85,37.69,37.78,4243,1,1680000,37.28,57.69230769230767
2024-10-03 14:00:00,37.77,37.9,37.72,37.88,5350,1,3390300,37.3695,62.77056277056283
2024-10-03 15:00:00,37.87,37.93,37.77,37.88,6031,1,2406400,37.463,69.37799043062203
2024-10-03 16:00:00,37.87,38.04,37.86,37.94,10534,1,7485600,37.520500000000006,73.65853658536585
2024-10-04 10:00:00,38.15,38.2,37.67,37.76,9410,1,5606700,37.557,48.936170212765916
2024-10-04 11:00:00,37.77,37.94,37.71,37.76,6869,1,3082300,37.596500000000006,56.55737704918019
2024-10-04 12:00:00,37.77,37.87,37.74,37.85,4035,1,1345200,37.618,56.557377049180445
2024-10-04 13:00:00,37.84,37.94,37.8,37.94,3338,1,1309300,37.6505,62.90322580645161
2024-10-04 14:00:00,37.94,38.02,37.87,37.89,4060,1,1894300,37.6915,58.87096774193547
2024-10-04 15:00:00,37.89,37.96,37.76,37.89,5450,1,3420400,37.7375,74.4897959183678
2024-10-04 16:00:00,37.89,37.94,37.8,37.84,7888,1,5814700,37.739999999999995,68.7500000000006
2024-10-07 10:00:00,38.04,38.17,37.9,38.04,8141,1,3986800,37.762,73.68421052631618
2024-10-07 11:00:00,38.03,38.16,38.0,38.07,9009,1,3051700,37.781,68.42105263157939
2024-10-07 12:00:00,38.07,38.14,38.0,38.03,7172,1,3376100,37.8015,67.01030927835069
2024-10-07 13:00:00,38.02,38.2,38.02,38.15,12460,1,4804700,37.8255,68.31683168316849
2024-10-07 14:00:00,38.14,38.24,38.11,38.21,12376,1,3351300,37.8655,67.01030927835069
2024-10-07 15:00:00,38.21,38.3,38.17,38.28,11463,1,4947900,37.905499999999996,69.23076923076944
2024-10-07 16:00:00,38.29,38.38,38.26,38.37,12546,1,12781600,37.949,70.09345794392547
2024-10-08 10:00:00,37.8,37.87,37.48,37.52,11868,1,6592600,37.93900000000001,43.103448275862135
2024-10-08 11:00:00,37.51,37.65,37.31,37.47,13636,1,7623200,37.927499999999995,41.89944134078208
2024-10-08 12:00:00,37.47,37.56,37.4,37.56,4375,1,2666500,37.9165,41.89944134078208
2024-10-08 13:00:00,37.56,37.64,37.49,37.55,4438,1,2887900,37.9,38.59649122807011
2024-10-08 14:00:00,37.53,37.75,37.49,37.6,4742,1,3118200,37.886,41.52046783625734
2024-10-08 15:00:00,37.6,37.61,37.46,37.5,4860,1,3561100,37.864,39.226519337016576
2024-10-08 16:00:00,37.49,37.6,37.47,37.6,7956,1,7519800,37.856,43.548387096774164
2024-10-09 10:00:00,37.37,37.52,37.17,37.23,9998,1,4751800,37.8295,30.04926108374393
2024-10-09 11:00:00,37.23,37.29,37.06,37.23,11721,1,4982800,37.7985,29.000000000000057
2024-10-09 12:00:00,37.23,37.33,37.11,37.15,6990,1,3219400,37.759,28.431372549019684
2024-10-09 13:00:00,37.14,37.2,37.03,37.08,8193,1,3198400,37.7185,23.11557788944745
2024-10-09 14:00:00,37.08,37.13,37.01,37.1,4763,1,3018500,37.679,21.538461538461803
2024-10-09 15:00:00,37.09,37.16,37.05,37.11,7098,1,4407400,37.6425,19.047619047619236
2024-10-09 16:00:00,37.1,37.27,37.1,37.22,8389,1,7047500,37.6015,19.895287958115503
2024-10-10 10:00:00,37.4,37.72,37.32,37.64,7269,1,4986200,37.58,54.0540540540539
2024-10-10 11:00:00,37.64,37.69,37.51,37.55,5255,1,2762100,37.556,52.631578947368325
2024-10-10 12:00:00,37.55,37.59,37.43,37.51,4629,1,2642700,37.524,48.29931972789104
2024-10-10 13:00:00,37.5,37.69,37.5,37.63,3840,1,2204400,37.495,52.53164556962039
2024-10-10 14:00:00,37.63,37.7,37.55,37.66,4375,1,2328500,37.464000000000006,51.92307692307676
2024-10-10 15:00:00,37.66,37.69,37.61,37.69,3296,1,1269600,37.43,56.375838926174374
2024-10-10 16:00:00,37.68,37.74,37.65,37.65,5294,1,4307900,37.436499999999995,51.74825174825163
2024-10-11 10:00:00,37.6,37.65,37.45,37.46,4297,1,3529000,37.436,59.20000000000016
2024-10-11 11:00:00,37.46,37.61,37.32,37.52,5585,1,3471300,37.434,61.06870229007655
2024-10-11 12:00:00,37.52,37.64,37.4,37.41,6131,1,2464400,37.427,59.70149253731328
2024-10-11 13:00:00,37.41,37.45,37.37,37.41,4444,1,1732500,37.417500000000004,62.99212598425179
2024-10-11 14:00:00,37.4,37.51,37.39,37.48,2836,1,1069300,37.4165,64.39393939393915
2024-10-11 15:00:00,37.48,37.58,37.48,37.55,3788,1,1362200,37.414,65.94202898550705
2024-10-11 16:00:00,37.53,37.62,37.48,37.62,3627,1,2685600,37.433499999999995,64.9253731343282
2024-10-14 10:00:00,37.47,37.53,37.35,37.38,4080,1,2784400,37.441,38.79310344827598
2024-10-14 11:00:00,37.38,37.61,37.36,37.58,4425,1,2338300,37.46249999999999,51.181102362204776
2024-10-14 12:00:00,37.59,37.69,37.53,37.61,4208,1,1914300,37.489,53.968253968254025
2024-10-14 13:00:00,37.62,37.9,37.57,37.77,4676,1,3413400,37.5225,55.384615384615415
2024-10-14 14:00:00,37.77,37.86,37.58,37.78,6899,1,4485600,37.556,54.68750000000017
2024-10-14 15:00:00,37.78,37.88,37.72,37.81,3969,1,2779000,37.585499999999996,54.68750000000017
2024-10-14 16:00:00,37.81,37.82,37.71,37.71,4962,1,4178700,37.589,52.238805970149336
2024-10-15 10:00:00,37.21,37.41,37.1,37.31,12180,1,6531700,37.577,45.161290322580705
2024-10-15 11:00:00,37.32,37.35,37.16,37.24,6762,1,3648400,37.5635,41.025641025641
2024-10-15 12:00:00,37.24,37.3,37.07,37.08,5873,1,3525600,37.536,39.75155279503111
2024-10-15 13:00:00,37.08,37.2,37.06,37.2,4215,1,1984300,37.513,43.93063583815048
2024-10-15 14:00:00,37.19,37.22,37.13,37.17,3482,1,1883200,37.487,40.828402366864076
2024-10-15 15:00:00,37.16,37.23,37.14,37.21,3482,1,2091700,37.465,39.759036144578445
2024-10-15 16:00:00,37.21,37.4,37.16,37.4,6155,1,8424200,37.462,43.82022471910116
2024-10-16 10:00:00,37.55,37.58,37.28,37.42,6216,1,3596200,37.457,51.28205128205124
2024-10-16 11:00:00,37.42,37.56,37.35,37.54,6162,1,3308300,37.4635,48.64864864864869
2024-10-16 12:00:00,37.54,37.55,37.35,37.36,3473,1,1795500,37.461,42.33128834355833
2024-10-16 13:00:00,37.36,37.43,37.25,37.28,3369,1,2139100,37.45100000000001,34.193548387096754
2024-10-16 14:00:00,37.27,37.39,37.23,37.29,5349,1,2849000,37.438,34.193548387096754
2024-10-16 15:00:00,37.28,37.35,37.27,37.29,4301,1,2185000,37.421499999999995,32.89473684210519
2024-10-16 16:00:00,37.27,37.29,37.19,37.21,5094,1,7037600,37.413,33.33333333333333
2024-10-17 10:00:00,37.21,37.21,36.83,36.93,9133,1,4927700,37.3805,36.23188405797095
2024-10-17 11:00:00,36.93,37.07,36.84,36.86,5916,1,2850400,37.343,36.23188405797095
2024-10-17 12:00:00,36.86,36.89,36.77,36.79,3975,1,2692100,37.294,38.759689922480646
2024-10-17 13:00:00,36.78,36.81,36.71,36.78,3648,1,1319800,37.244,32.2033898305083
2024-10-17 14:00:00,36.79,36.8,36.69,36.77,3624,1,3831100,37.192,32.758620689655075
2024-10-17 15:00:00,36.78,36.84,36.75,36.8,4263,1,2100500,37.146499999999996,32.17391304347785
2024-10-17 16:00:00,36.8,36.93,36.8,36.93,6124,1,4285900,37.127500000000005,28.440366972476895
2024-10-18 10:00:00,36.98,37.07,36.68,36.74,6670,1,4168300,37.102500000000006,23.01587301587267
2024-10-18 11:00:00,36.72,36.72,36.41,36.52,9408,1,4635700,37.0745,12.499999999999744
2024-10-18 12:00:00,36.52,36.61,36.5,36.52,3568,1,2564900,37.040499999999994,14.406779661016671
2024-10-18 13:00:00,36.51,36.68,36.51,36.62,3398,1,1215300,37.013,22.499999999999417
2024-10-18 14:00:00,36.62,36.68,36.61,36.67,3354,1,9254900,36.986000000000004,24.999999999999858
2024-10-18 15:00:00,36.67,36.69,36.58,36.69,4283,1,3312200,36.9505,26.19047619047582
2024-10-18 16:00:00,36.68,36.83,36.64,36.83,5621,1,6661700,36.92100000000001,35.60606060606035
2024-10-21 10:00:00,37.0,37.05,36.6,36.62,7925,1,6139100,36.875,37.59999999999977
2024-10-21 11:00:00,36.62,36.65,36.46,36.48,12017,1,4441900,36.831,35.60606060606035
2024-10-21 12:00:00,36.48,36.48,36.32,36.39,9084,1,3683000,36.786500000000004,35.07462686567149
2024-10-21 13:00:00,36.4,36.41,36.32,36.34,9925,1,2081900,36.739,34.05797101449262
2024-10-21 14:00:00,36.34,36.42,36.26,36.27,8391,1,2415600,36.688,32.63888888888869
2024-10-21 15:00:00,36.27,36.3,36.21,36.22,8231,1,2420200,36.6385,30.13698630136983
2024-10-21 16:00:00,36.22,36.27,36.2,36.25,9295,1,6971600,36.6045,24.999999999999872
2024-10-22 10:00:00,36.2,36.3,36.01,36.08,14619,1,6355700,36.5655,25.373134328358006
2024-10-22 11:00:00,36.08,36.15,35.99,36.15,9083,1,6263100,36.5335,34.453781512604834
2024-10-22 12:00:00,36.14,36.22,36.04,36.19,4157,1,4268500,36.504,36.58536585365828
2024-10-22 13:00:00,36.19,36.22,36.08,36.13,4936,1,2914100,36.472,29.411764705882533
2024-10-22 14:00:00,36.13,36.15,36.07,36.09,4000,1,1940200,36.4365,25.423728813559237
2024-10-22 15:00:00,36.09,36.18,36.03,36.12,4202,1,2092200,36.396,26.05042016806702
2024-10-22 16:00:00,36.13,36.17,36.11,36.11,4892,1,5208200,36.3645,16.037735849056276
2024-10-23 10:00:00,35.91,35.94,35.71,35.8,8518,1,6244000,36.3285,14.65517241379277
2024-10-23 11:00:00,35.79,35.83,35.57,35.66,10499,1,4952400,36.2855,14.65517241379277
2024-10-23 12:00:00,35.66,35.75,35.64,35.73,4842,1,3974300,36.241,21.05263157894703
2024-10-23 13:00:00,35.72,35.74,35.6,35.65,3618,1,3184500,36.190000000000005,20.512820512820156
2024-10-23 14:00:00,35.65,35.73,35.64,35.71,4931,1,4303500,36.141,25.862068965517068
2024-10-23 15:00:00,35.7,35.71,35.61,35.69,6059,1,2261800,36.083999999999996,26.548672566371536
2024-10-23 16:00:00,35.69,35.7,35.6,35.66,7304,1,5772500,36.035999999999994,23.89380530973426
2024-10-24 10:00:00,35.85,35.85,35.58,35.65,6475,1,3099200,35.9945,27.835051546391583
2024-10-24 11:00:00,35.65,35.77,35.56,35.75,5186,1,3962300,35.9625,29.99999999999993
2024-10-24 12:00:00,35.74,35.96,35.74,35.83,5586,1,4691300,35.937,32.69230769230758
2024-10-24 13:00:00,35.84,35.88,35.76,35.82,4741,1,1549800,35.914500000000004,34.343434343434154
2024-10-24 14:00:00,35.81,35.88,35.78,35.82,5617,1,1805600,35.8945,35.78947368421029
2024-10-24 15:00:00,35.82,35.94,35.77,35.91,4581,1,1974400,35.8775,39.60396039603954
2024-10-24 16:00:00,35.91,36.03,35.9,35.9,7156,1,5904200,35.8685,39.60396039603954
2024-10-25 10:00:00,35.96,36.24,35.95,36.14,7526,1,5016000,35.868,68.08510638297895
2024-10-25 11:00:00,36.14,36.26,36.09,36.13,3909,1,2865800,35.865,79.0123456790129
2024-10-25 12:00:00,36.14,36.14,35.92,35.97,4762,1,3195700,35.85699999999999,63.33333333333347
2024-10-25 13:00:00,35.94,36.05,35.85,35.98,3640,1,2575000,35.8515,69.8795180722891
2024-10-25 14:00:00,36.0,36.01,35.85,35.89,3675,1,2466700,35.839999999999996,60.465116279069846
2024-10-25 15:00:00,35.88,36.19,35.86,36.17,4176,1,3422900,35.843,71.42857142857179
2024-10-25 16:00:00,36.18,36.49,36.15,36.15,9673,1,12664800,35.860499999999995,72.07207207207232
2024-10-28 10:00:00,35.49,35.78,35.34,35.78,13257,1,9857200,35.866499999999995,54.4217687074831
2024-10-28 11:00:00,35.76,35.96,35.71,35.95,6083,1,4288400,35.8775,56.49350649350662
2024-10-28 12:00:00,35.95,36.01,35.85,36.0,4209,1,4437600,35.894999999999996,55.62913907284777
2024-10-28 13:00:00,36.0,36.08,35.95,35.97,3323,1,1471000,35.908,54.9019607843137
2024-10-28 14:00:00,35.98,36.06,35.97,36.02,2513,1,1084600,35.9245,56.32911392405072
2024-10-28 15:00:00,36.02,36.04,35.95,35.96,4073,1,1571600,35.939499999999995,51.61290322580659
2024-10-28 16:00:00,35.96,36.13,35.95,36.09,5122,1,4734400,35.9615,55.688622754491135
2024-10-29 10:00:00,36.33,36.42,35.86,35.98,5719,1,4454900,35.973,44.80519480519473
2024-10-29 11:00:00,35.98,36.19,35.94,36.08,4088,1,3024600,35.9855,48.46625766871154
2024-10-29 12:00:00,36.07,36.1,35.8,35.89,4876,1,5110400,35.989,47.5903614457832
2024-10-29 13:00:00,35.89,35.98,35.87,35.92,3315,1,1636100,35.994,48.21428571428588
2024-10-29 14:00:00,35.92,35.98,35.88,35.93,3430,1,1863600,35.995000000000005,51.24999999999995
2024-10-29 15:00:00,35.93,35.97,35.87,35.94,4996,1,2734200,35.997,41.35338345864655
2024-10-29 16:00:00,35.95,36.02,35.89,36.01,4444,1,7164700,35.9905,44.927536231884076
2024-10-30 10:00:00,36.12,36.37,36.09,36.33,7634,1,6155400,36.0005,70.67669172932301
2024-10-30 11:00:00,36.33,36.35,36.18,36.26,6621,1,3847900,36.015,62.60162601625985
2024-10-30 12:00:00,36.26,36.32,36.22,36.3,4592,1,1632300,36.031,62.295081967212866
2024-10-30 13:00:00,36.3,36.32,36.13,36.14,6234,1,3349200,36.0435,56.29629629629632
2024-10-30 14:00:00,36.15,36.18,35.92,35.94,7808,1,3839900,36.032,47.333333333333165
2024-10-30 15:00:00,35.94,36.01,35.87,35.93,6831,1,2193100,36.021,48.96551724137927
2024-10-30 16:00:00,35.93,35.98,35.85,35.85,8260,1,4912500,36.0245,41.428571428571345
2024-10-31 10:00:00,35.87,36.05,35.8,35.9,5171,1,2616900,36.022,47.01492537313437
2024-10-31 11:00:00,35.9,35.94,35.67,35.7,4448,1,4636700,36.007,36.805555555555564
2024-10-31 12:00:00,35.7,35.8,35.69,35.77,3675,1,1779700,35.997,45.454545454545496
2024-10-31 13:00:00,35.77,35.78,35.65,35.72,3113,1,1680800,35.982,42.53731343283566
2024-10-31 14:00:00,35.73,35.77,35.63,35.66,3839,1,1456700,35.967,40.287769784172504
2024-10-31 15:00:00,35.65,35.9,35.65,35.86,5092,1,3856900,35.9555,47.4683544303798
2024-10-31 16:00:00,35.86,35.95,35.83,35.91,5200,1,9472700,35.952,46.79487179487174
2024-11-01 10:00:00,36.2,36.37,35.8,35.95,7022,1,5414900,35.945499999999996,35.156250000000185
2024-11-01 11:00:00,35.95,35.98,35.6,35.72,6226,1,4087200,35.937,31.2500000000001
2024-11-01 12:00:00,35.72,35.72,35.63,35.67,4484,1,1487000,35.9245,28.275862068965722
2024-11-01 13:00:00,35.66,35.75,35.61,35.66,5514,1,3147600,35.910999999999994,31.538461538461533
2024-11-01 14:00:00,35.66,35.69,35.57,35.58,7321,1,2600100,35.893,34.745762711864515
2024-11-01 15:00:00,35.58,35.63,35.34,35.46,10335,1,6318400,35.865500000000004,31.782945736434243
2024-11-01 16:00:00,35.45,35.46,35.3,35.42,17977,1,7361300,35.82,32.80000000000011
2024-11-04 10:00:00,35.9,35.95,35.71,35.76,7870,1,3542200,35.795,45.45454545454546
2024-11-04 11:00:00,35.77,35.78,35.5,35.59,6699,1,3460700,35.7595,46.35761589403977
2024-11-04 12:00:00,35.59,35.76,35.52,35.66,6929,1,3791400,35.7355,46.35761589403951
2024-11-04 13:00:00,35.67,35.74,35.59,35.69,3221,1,2119600,35.723,48.99328859060399
2024-11-04 14:00:00,35.7,35.74,35.66,35.67,3209,1,2227800,35.71,50.34482758620708
2024-11-04 15:00:00,35.67,35.67,35.41,35.48,4116,1,2796300,35.691500000000005,36.80555555555539
2024-11-04 16:00:00,35.47,35.5,35.41,35.44,3283,1,2095000,35.6685,33.56643356643352
2024-11-04 17:00:00,35.45,35.5,35.38,35.5,5775,1,3970600,35.6585,34.48275862068944
2024-11-05 10:00:00,35.5,35.6,35.41,35.46,5152,1,2706500,35.643,39.68253968253963
2024-11-05 11:00:00,35.47,35.53,35.19,35.21,5701,1,3717100,35.6175,34.246575342465576
2024-11-05 12:00:00,35.22,35.33,35.03,35.29,6536,1,4224100,35.599000000000004,37.908496732026066
2024-11-05 13:00:00,35.29,35.49,35.27,35.41,6269,1,3922000,35.576499999999996,44.58598726114637
2024-11-05 14:00:00,35.42,35.5,35.35,35.39,3787,1,2101600,35.5505,47.61904761904757
2024-11-05 15:00:00,35.38,35.42,35.28,35.41,3007,1,1606400,35.5235,49.65517241379292
2024-11-05 16:00:00,35.42,35.46,35.39,35.42,3108,1,1786600,35.5085,34.82142857142851
2024-11-05 17:00:00,35.41,35.45,35.36,35.39,4665,1,3926300,35.4945,39.79591836734668
2024-11-06 10:00:00,35.05,35.41,35.04,35.2,11900,1,5752400,35.471500000000006,29.090909090909264
2024-11-06 11:00:00,35.21,35.36,35.07,35.35,9661,1,4445700,35.459999999999994,36.065573770491866
2024-11-06 12:00:00,35.36,35.46,35.19,35.38,8274,1,3173800,35.455999999999996,38.21138211382114
2024-11-06 13:00:00,35.39,35.39,35.19,35.32,7157,1,3963700,35.451,42.72727272727285
2024-11-06 14:00:00,35.33,35.45,35.3,35.35,5036,1,1846900,35.4305,45.87155963302768
2024-11-06 15:00:00,35.35,35.4,35.2,35.27,6098,1,3355700,35.4145,39.63963963963971
2024-11-06 16:00:00,35.26,35.38,35.26,35.33,6112,1,2134500,35.398,44.2477876106193
2024-11-06 17:00:00,35.33,35.44,35.33,35.4,6900,1,3768100,35.3835,60.0
2024-11-07 10:00:00,35.49,35.64,35.41,35.5,5761,1,3136800,35.375,60.82474226804137
2024-11-07 11:00:00,35.5,35.52,35.33,35.37,5068,1,2694200,35.3695,47.95918367346942
2024-11-07 12:00:00,35.37,35.61,35.27,35.43,8142,1,6707400,35.369,51.96078431372544
2024-11-07 13:00:00,35.43,35.69,35.41,35.66,4887,1,2289700,35.376999999999995,60.162601626016226
2024-11-07 14:00:00,35.68,35.89,35.62,35.74,8236,1,3660800,35.391,62.30769230769228
2024-11-07 15:00:00,35.74,35.85,35.67,35.72,5232,1,2181900,35.4165,62.790697674418475
2024-11-07 16:00:00,35.72,35.76,35.39,35.48,8489,1,5273500,35.426,60.447761194029546
2024-11-07 17:00:00,35.49,35.73,35.35,35.51,12327,1,8136900,35.431,56.557377049180126
2024-11-08 10:00:00,35.85,36.32,35.71,36.0,15461,1,10852800,35.4615,68.45238095238072
2024-11-08 11:00:00,36.0,36.23,35.75,35.81,13612,1,8930400,35.4815,63.53591160220993
2024-11-08 12:00:00,35.79,35.94,35.71,35.89,8085,1,3582100,35.505,64.516129032258
2024-11-08 13:00:00,35.89,35.9,35.54,35.61,7874,1,3966300,35.516000000000005,58.252427184465894
2024-11-08 14:00:00,35.63,35.78,35.59,35.77,6799,1,4272800,35.5445,60.18518518518521
2024-11-08 15:00:00,35.77,36.16,35.72,36.08,9180,1,6197900,35.581,64.16666666666657
2024-11-08 16:00:00,36.07,36.32,36.05,36.29,10238,1,4793000,35.62650000000001,65.7370517928286
2024-11-08 17:00:00,36.27,36.32,36.15,36.18,9453,1,7197400,35.6695,66.26506024096383
2024-11-11 10:00:00,35.99,36.42,35.9,36.37,11297,1,4508700,35.7205,67.93893129770984
2024-11-11 11:00:00,36.36,36.4,36.2,36.37,11472,1,3061300,35.7755,64.85355648535563
2024-11-11 12:00:00,36.36,36.39,35.91,36.06,10462,1,3609300,35.812,56.10687022900764
2024-11-11 13:00:00,36.06,36.25,36.02,36.17,3319,1,1830000,35.8505,58.30258302583034
2024-11-11 14:00:00,36.17,36.32,36.15,36.31,3436,1,1191100,35.891,65.9003831417626
2024-11-11 15:00:00,36.32,36.39,36.26,36.38,4538,1,2153600,35.9415,66.41509433962278
2024-11-11 16:00:00,36.38,36.39,36.27,36.3,5828,1,1715800,35.985,56.69642857142853
2024-11-11 17:00:00,36.31,36.33,36.21,36.25,6304,1,3343800,36.0145,60.47619047619045
2024-11-11 18:00:00,36.25,36.25,36.25,36.25,1,1,32700,36.040000000000006,58.910891089108915
2024-11-12 10:00:00,36.36,36.55,36.34,36.42,5652,1,4019700,36.075,71.20418848167549
2024-11-12 11:00:00,36.42,36.8,36.37,36.73,18086,1,6156800,36.1375,73.30097087378638
2024-11-12 12:00:00,36.73,36.82,36.67,36.73,14699,1,4401100,36.1985,68.57142857142861
2024-11-12 13:00:00,36.73,36.8,36.61,36.75,8319,1,2136100,36.236000000000004,64.74358974358981
2024-11-12 14:00:00,36.75,36.78,36.67,36.71,6041,1,1817300,36.28099999999999,67.78523489932896
2024-11-12 15:00:00,36.72,37.07,36.7,36.88,15275,1,7055300,36.3305,67.34693877551038
2024-11-12 16:00:00,36.88,37.11,36.84,36.99,7057,1,4351500,36.3995,69.62025316455713
2024-11-12 17:00:00,36.99,37.0,36.81,36.93,7754,1,9474500,36.457499999999996,82.70676691729301
2024-11-13 10:00:00,36.95,37.04,36.77,36.82,4380,1,4405200,36.4945,74.43609022556376
2024-11-13 11:00:00,36.8,36.85,36.53,36.68,8002,1,4396600,36.513999999999996,63.909774436090075
2024-11-13 12:00:00,36.66,36.85,36.62,36.8,6219,1,4481300,36.545,65.2173913043476
2024-11-13 13:00:00,36.8,37.01,36.79,36.92,5937,1,3284400,36.572500000000005,71.83098591549309
2024-11-13 14:00:00,36.92,37.07,36.92,36.98,6697,1,3291200,36.602999999999994,75.52447552447542
2024-11-13 15:00:00,36.96,37.01,36.86,36.91,9634,1,3476300,36.645500000000006,71.99999999999989
2024-11-13 16:00:00,36.89,37.05,36.88,37.03,10206,1,3907800,36.6885,71.03448275862063
2024-11-13 17:00:00,37.03,37.05,36.88,36.88,8792,1,6847200,36.717,55.81395348837229
2024-11-14 10:00:00,36.92,37.13,36.87,37.05,3360,1,3077200,36.7505,60.95890410958904
2024-11-14 11:00:00,37.05,37.28,37.03,37.26,8688,1,4316200,36.798500000000004,65.45454545454541
2024-11-14 12:00:00,37.25,37.33,37.1,37.14,6111,1,2224400,36.843,62.4277456647399
2024-11-14 13:00:00,37.15,37.3,37.12,37.27,4295,1,4851900,36.894,61.538461538461576
2024-11-14 14:00:00,37.28,37.29,37.02,37.05,3758,1,1656900,36.9255,51.666666666666536
2024-11-14 15:00:00,37.04,37.22,36.86,37.15,5779,1,2600300,36.9465,55.97826086956517
2024-11-14 16:00:00,37.13,37.2,37.11,37.15,3251,1,1855200,36.9675,59.53757225433519
2024-11-14 17:00:00,37.14,37.27,37.09,37.27,4419,1,9478800,36.9935,67.25146198830411
